Date,Equity,DailyReturn
2015-01-02,100000.000000,0.000000
2015-01-05,100000.000000,0.000000
2015-01-06,100000.000000,0.000000
2015-01-07,100000.000000,0.000000
2015-01-08,100000.000000,0.000000
2015-01-09,100000.000000,0.000000
2015-01-12,100000.000000,0.000000
2015-01-13,100000.000000,0.000000
2015-01-14,100000.000000,0.000000
2015-01-15,100000.000000,0.000000
2015-01-16,100000.000000,0.000000
2015-01-20,100000.000000,0.000000
2015-01-21,100000.000000,0.000000
2015-01-22,100000.000000,0.000000
2015-01-23,100000.000000,0.000000
2015-01-26,100000.000000,0.000000
2015-01-27,100000.000000,0.000000
2015-01-28,100000.000000,0.000000
2015-01-29,100000.000000,0.000000
2015-01-30,100000.000000,0.000000
2015-02-02,100000.000000,0.000000
2015-02-03,100000.000000,0.000000
2015-02-04,100000.000000,0.000000
2015-02-05,100000.000000,0.000000
2015-02-06,100000.000000,0.000000
2015-02-09,100000.000000,0.000000
2015-02-10,100000.000000,0.000000
2015-02-11,100000.000000,0.000000
2015-02-12,100000.000000,0.000000
2015-02-13,100000.000000,0.000000
2015-02-17,100000.000000,0.000000
2015-02-18,100000.000000,0.000000
2015-02-19,100000.000000,0.000000
2015-02-20,100000.000000,0.000000
2015-02-23,100000.000000,0.000000
2015-02-24,100000.000000,0.000000
2015-02-25,100000.000000,0.000000
2015-02-26,100000.000000,0.000000
2015-02-27,100000.000000,0.000000
2015-03-02,100000.000000,0.000000
2015-03-03,100000.000000,0.000000
2015-03-04,100000.000000,0.000000
2015-03-05,100000.000000,0.000000
2015-03-06,100000.000000,0.000000
2015-03-09,100000.000000,0.000000
2015-03-10,100000.000000,0.000000
2015-03-11,100000.000000,0.000000
2015-03-12,100000.000000,0.000000
2015-03-13,100000.000000,0.000000
2015-03-16,100000.000000,0.000000
2015-03-17,100000.000000,0.000000
2015-03-18,100000.000000,0.000000
2015-03-19,100000.000000,0.000000
2015-03-20,100000.000000,0.000000
2015-03-23,100000.000000,0.000000
2015-03-24,100000.000000,0.000000
2015-03-25,100000.000000,0.000000
2015-03-26,100000.000000,0.000000
2015-03-27,100000.000000,0.000000
2015-03-30,100000.000000,0.000000
2015-03-31,100000.000000,0.000000
2015-04-01,100000.000000,0.000000
2015-04-02,100000.000000,0.000000
2015-04-06,100000.000000,0.000000
2015-04-07,100000.000000,0.000000
2015-04-08,100000.000000,0.000000
2015-04-09,100000.000000,0.000000
2015-04-10,100000.000000,0.000000
2015-04-13,100000.000000,0.000000
2015-04-14,100000.000000,0.000000
2015-04-15,100000.000000,0.000000
2015-04-16,100000.000000,0.000000
2015-04-17,100000.000000,0.000000
2015-04-20,100000.000000,0.000000
2015-04-21,100000.000000,0.000000
2015-04-22,100000.000000,0.000000
2015-04-23,100000.000000,0.000000
2015-04-24,100000.000000,0.000000
2015-04-27,100000.000000,0.000000
2015-04-28,100000.000000,0.000000
2015-04-29,100000.000000,0.000000
2015-04-30,100000.000000,0.000000
2015-05-01,100000.000000,0.000000
2015-05-04,100000.000000,0.000000
2015-05-05,100000.000000,0.000000
2015-05-06,100000.000000,0.000000
2015-05-07,100000.000000,0.000000
2015-05-08,100000.000000,0.000000
2015-05-11,100000.000000,0.000000
2015-05-12,100000.000000,0.000000
2015-05-13,100000.000000,0.000000
2015-05-14,100000.000000,0.000000
2015-05-15,100000.000000,0.000000
2015-05-18,100000.000000,0.000000
2015-05-19,100000.000000,0.000000
2015-05-20,100000.000000,0.000000
2015-05-21,100000.000000,0.000000
2015-05-22,100000.000000,0.000000
2015-05-26,100000.000000,0.000000
2015-05-27,100000.000000,0.000000
2015-05-28,100000.000000,0.000000
2015-05-29,100000.000000,0.000000
2015-06-01,100000.000000,0.000000
2015-06-02,100000.000000,0.000000
2015-06-03,100000.000000,0.000000
2015-06-04,100000.000000,0.000000
2015-06-05,100000.000000,0.000000
2015-06-08,100000.000000,0.000000
2015-06-09,100000.000000,0.000000
2015-06-10,100000.000000,0.000000
2015-06-11,100000.000000,0.000000
2015-06-12,100000.000000,0.000000
2015-06-15,100000.000000,0.000000
2015-06-16,100000.000000,0.000000
2015-06-17,100000.000000,0.000000
2015-06-18,100000.000000,0.000000
2015-06-19,100000.000000,0.000000
2015-06-22,100000.000000,0.000000
2015-06-23,100000.000000,0.000000
2015-06-24,100000.000000,0.000000
2015-06-25,100000.000000,0.000000
2015-06-26,100000.000000,0.000000
2015-06-29,100000.000000,0.000000
2015-06-30,100000.000000,0.000000
2015-07-01,100000.000000,0.000000
2015-07-02,100000.000000,0.000000
2015-07-06,100000.000000,0.000000
2015-07-07,100000.000000,0.000000
2015-07-08,100000.000000,0.000000
2015-07-09,100000.000000,0.000000
2015-07-10,100000.000000,0.000000
2015-07-13,100000.000000,0.000000
2015-07-14,100000.000000,0.000000
2015-07-15,100000.000000,0.000000
2015-07-16,100000.000000,0.000000
2015-07-17,100000.000000,0.000000
2015-07-20,100000.000000,0.000000
2015-07-21,100000.000000,0.000000
2015-07-22,100000.000000,0.000000
2015-07-23,100000.000000,0.000000
2015-07-24,100000.000000,0.000000
2015-07-27,100000.000000,0.000000
2015-07-28,100000.000000,0.000000
2015-07-29,100000.000000,0.000000
2015-07-30,100000.000000,0.000000
2015-07-31,100000.000000,0.000000
2015-08-03,100000.000000,0.000000
2015-08-04,100000.000000,0.000000
2015-08-05,100000.000000,0.000000
2015-08-06,100000.000000,0.000000
2015-08-07,100000.000000,0.000000
2015-08-10,100000.000000,0.000000
2015-08-11,100000.000000,0.000000
2015-08-12,100000.000000,0.000000
2015-08-13,100000.000000,0.000000
2015-08-14,100000.000000,0.000000
2015-08-17,100000.000000,0.000000
2015-08-18,100000.000000,0.000000
2015-08-19,100000.000000,0.000000
2015-08-20,100000.000000,0.000000
2015-08-21,100000.000000,0.000000
2015-08-24,100000.000000,0.000000
2015-08-25,100000.000000,0.000000
2015-08-26,100000.000000,0.000000
2015-08-27,100000.000000,0.000000
2015-08-28,100000.000000,0.000000
2015-08-31,100000.000000,0.000000
2015-09-01,100000.000000,0.000000
2015-09-02,100000.000000,0.000000
2015-09-03,100000.000000,0.000000
2015-09-04,100000.000000,0.000000
2015-09-08,100000.000000,0.000000
2015-09-09,100000.000000,0.000000
2015-09-10,100000.000000,0.000000
2015-09-11,100000.000000,0.000000
2015-09-14,100000.000000,0.000000
2015-09-15,100000.000000,0.000000
2015-09-16,100000.000000,0.000000
2015-09-17,100000.000000,0.000000
2015-09-18,100000.000000,0.000000
2015-09-21,100000.000000,0.000000
2015-09-22,100000.000000,0.000000
2015-09-23,100000.000000,0.000000
2015-09-24,100000.000000,0.000000
2015-09-25,100000.000000,0.000000
2015-09-28,100000.000000,0.000000
2015-09-29,100000.000000,0.000000
2015-09-30,100000.000000,0.000000
2015-10-01,100000.000000,0.000000
2015-10-02,100000.000000,0.000000
2015-10-05,100000.000000,0.000000
2015-10-06,100000.000000,0.000000
2015-10-07,100000.000000,0.000000
2015-10-08,100000.000000,0.000000
2015-10-09,100000.000000,0.000000
2015-10-12,100000.000000,0.000000
2015-10-13,100000.000000,0.000000
2015-10-14,100000.000000,0.000000
2015-10-15,100000.000000,0.000000
2015-10-16,100000.000000,0.000000
2015-10-19,100000.000000,0.000000
2015-10-20,100000.000000,0.000000
2015-10-21,100000.000000,0.000000
2015-10-22,100000.000000,0.000000
2015-10-23,100000.000000,0.000000
2015-10-26,100000.000000,0.000000
2015-10-27,100000.000000,0.000000
2015-10-28,100000.000000,0.000000
2015-10-29,100000.000000,0.000000
2015-10-30,100000.000000,0.000000
2015-11-02,100000.000000,0.000000
2015-11-03,100000.000000,0.000000
2015-11-04,100000.000000,0.000000
2015-11-05,100000.000000,0.000000
2015-11-06,100000.000000,0.000000
2015-11-09,100000.000000,0.000000
2015-11-10,100000.000000,0.000000
2015-11-11,100000.000000,0.000000
2015-11-12,100000.000000,0.000000
2015-11-13,100000.000000,0.000000
2015-11-16,100000.000000,0.000000
2015-11-17,100000.000000,0.000000
2015-11-18,100000.000000,0.000000
2015-11-19,100000.000000,0.000000
2015-11-20,100000.000000,0.000000
2015-11-23,100000.000000,0.000000
2015-11-24,100000.000000,0.000000
2015-11-25,100000.000000,0.000000
2015-11-27,100000.000000,0.000000
2015-11-30,100000.000000,0.000000
2015-12-01,100000.000000,0.000000
2015-12-02,100000.000000,0.000000
2015-12-03,100000.000000,0.000000
2015-12-04,100000.000000,0.000000
2015-12-07,100000.000000,0.000000
2015-12-08,100000.000000,0.000000
2015-12-09,100000.000000,0.000000
2015-12-10,100000.000000,0.000000
2015-12-11,100000.000000,0.000000
2015-12-14,100000.000000,0.000000
2015-12-15,100000.000000,0.000000
2015-12-16,100000.000000,0.000000
2015-12-17,100000.000000,0.000000
2015-12-18,100000.000000,0.000000
2015-12-21,100000.000000,0.000000
2015-12-22,100000.000000,0.000000
2015-12-23,100000.000000,0.000000
2015-12-24,100000.000000,0.000000
2015-12-28,100000.000000,0.000000
2015-12-29,100000.000000,0.000000
2015-12-30,100000.000000,0.000000
2015-12-31,100000.000000,0.000000
2016-01-04,100000.000000,0.000000
2016-01-05,100000.000000,0.000000
2016-01-06,100000.000000,0.000000
2016-01-07,100000.000000,0.000000
2016-01-08,100000.000000,0.000000
2016-01-11,100000.000000,0.000000
2016-01-12,100000.000000,0.000000
2016-01-13,100000.000000,0.000000
2016-01-14,100000.000000,0.000000
2016-01-15,100000.000000,0.000000
2016-01-19,100000.000000,0.000000
2016-01-20,100000.000000,0.000000
2016-01-21,100000.000000,0.000000
2016-01-22,100000.000000,0.000000
2016-01-25,100000.000000,0.000000
2016-01-26,100000.000000,0.000000
2016-01-27,100000.000000,0.000000
2016-01-28,100000.000000,0.000000
2016-01-29,100000.000000,0.000000
2016-02-01,100000.000000,0.000000
2016-02-02,100000.000000,0.000000
2016-02-03,100000.000000,0.000000
2016-02-04,100000.000000,0.000000
2016-02-05,100000.000000,0.000000
2016-02-08,100000.000000,0.000000
2016-02-09,100000.000000,0.000000
2016-02-10,100000.000000,0.000000
2016-02-11,100000.000000,0.000000
2016-02-12,100000.000000,0.000000
2016-02-16,100000.000000,0.000000
2016-02-17,100000.000000,0.000000
2016-02-18,100000.000000,0.000000
2016-02-19,100000.000000,0.000000
2016-02-22,100000.000000,0.000000
2016-02-23,100000.000000,0.000000
2016-02-24,100000.000000,0.000000
2016-02-25,100000.000000,0.000000
2016-02-26,100000.000000,0.000000
2016-02-29,100000.000000,0.000000
2016-03-01,100000.000000,0.000000
2016-03-02,100000.000000,0.000000
2016-03-03,100000.000000,0.000000
2016-03-04,100000.000000,0.000000
2016-03-07,100000.000000,0.000000
2016-03-08,100000.000000,0.000000
2016-03-09,100000.000000,0.000000
2016-03-10,100000.000000,0.000000
2016-03-11,100000.000000,0.000000
2016-03-14,100000.000000,0.000000
2016-03-15,100000.000000,0.000000
2016-03-16,100000.000000,0.000000
2016-03-17,100000.000000,0.000000
2016-03-18,100000.000000,0.000000
2016-03-21,100000.000000,0.000000
2016-03-22,100000.000000,0.000000
2016-03-23,100000.000000,0.000000
2016-03-24,100000.000000,0.000000
2016-03-28,100000.000000,0.000000
2016-03-29,100000.000000,0.000000
2016-03-30,100000.000000,0.000000
2016-03-31,100000.000000,0.000000
2016-04-01,100000.000000,0.000000
2016-04-04,100000.000000,0.000000
2016-04-05,100000.000000,0.000000
2016-04-06,100000.000000,0.000000
2016-04-07,100000.000000,0.000000
2016-04-08,100000.000000,0.000000
2016-04-11,100000.000000,0.000000
2016-04-12,100000.000000,0.000000
2016-04-13,100000.000000,0.000000
2016-04-14,100000.000000,0.000000
2016-04-15,100000.000000,0.000000
2016-04-18,100000.000000,0.000000
2016-04-19,100000.000000,0.000000
2016-04-20,100000.000000,0.000000
2016-04-21,100000.000000,0.000000
2016-04-22,100000.000000,0.000000
2016-04-25,100000.000000,0.000000
2016-04-26,100000.000000,0.000000
2016-04-27,100000.000000,0.000000
2016-04-28,100000.000000,0.000000
2016-04-29,100000.000000,0.000000
2016-05-02,100000.000000,0.000000
2016-05-03,100000.000000,0.000000
2016-05-04,100000.000000,0.000000
2016-05-05,100000.000000,0.000000
2016-05-06,100000.000000,0.000000
2016-05-09,100000.000000,0.000000
2016-05-10,100000.000000,0.000000
2016-05-11,100000.000000,0.000000
2016-05-12,100000.000000,0.000000
2016-05-13,100000.000000,0.000000
2016-05-16,100000.000000,0.000000
2016-05-17,100000.000000,0.000000
2016-05-18,100000.000000,0.000000
2016-05-19,100000.000000,0.000000
2016-05-20,100000.000000,0.000000
2016-05-23,100000.000000,0.000000
2016-05-24,100000.000000,0.000000
2016-05-25,100000.000000,0.000000
2016-05-26,100000.000000,0.000000
2016-05-27,100000.000000,0.000000
2016-05-31,100000.000000,0.000000
2016-06-01,100000.000000,0.000000
2016-06-02,100000.000000,0.000000
2016-06-03,100000.000000,0.000000
2016-06-06,100000.000000,0.000000
2016-06-07,100000.000000,0.000000
2016-06-08,100000.000000,0.000000
2016-06-09,100000.000000,0.000000
2016-06-10,100000.000000,0.000000
2016-06-13,100000.000000,0.000000
2016-06-14,100000.000000,0.000000
2016-06-15,100000.000000,0.000000
2016-06-16,100000.000000,0.000000
2016-06-17,100000.000000,0.000000
2016-06-20,100000.000000,0.000000
2016-06-21,100000.000000,0.000000
2016-06-22,100000.000000,0.000000
2016-06-23,100000.000000,0.000000
2016-06-24,100000.000000,0.000000
2016-06-27,100000.000000,0.000000
2016-06-28,100000.000000,0.000000
2016-06-29,100000.000000,0.000000
2016-06-30,100000.000000,0.000000
2016-07-01,100000.000000,0.000000
2016-07-05,100000.000000,0.000000
2016-07-06,100000.000000,0.000000
2016-07-07,100000.000000,0.000000
2016-07-08,100000.000000,0.000000
2016-07-11,100000.000000,0.000000
2016-07-12,100000.000000,0.000000
2016-07-13,100000.000000,0.000000
2016-07-14,100000.000000,0.000000
2016-07-15,100000.000000,0.000000
2016-07-18,100000.000000,0.000000
2016-07-19,100000.000000,0.000000
2016-07-20,100000.000000,0.000000
2016-07-21,100000.000000,0.000000
2016-07-22,100000.000000,0.000000
2016-07-25,100000.000000,0.000000
2016-07-26,100000.000000,0.000000
2016-07-27,100000.000000,0.000000
2016-07-28,100000.000000,0.000000
2016-07-29,100000.000000,0.000000
2016-08-01,100000.000000,0.000000
2016-08-02,100000.000000,0.000000
2016-08-03,100000.000000,0.000000
2016-08-04,100000.000000,0.000000
2016-08-05,100000.000000,0.000000
2016-08-08,100000.000000,0.000000
2016-08-09,100000.000000,0.000000
2016-08-10,100000.000000,0.000000
2016-08-11,100000.000000,0.000000
2016-08-12,100000.000000,0.000000
2016-08-15,100000.000000,0.000000
2016-08-16,100000.000000,0.000000
2016-08-17,100000.000000,0.000000
2016-08-18,100000.000000,0.000000
2016-08-19,100000.000000,0.000000
2016-08-22,100000.000000,0.000000
2016-08-23,100000.000000,0.000000
2016-08-24,100000.000000,0.000000
2016-08-25,100000.000000,0.000000
2016-08-26,100000.000000,0.000000
2016-08-29,100000.000000,0.000000
2016-08-30,100000.000000,0.000000
2016-08-31,100094.347084,0.000943
2016-09-01,100688.715630,0.005938
2016-09-02,101632.115713,0.009369
2016-09-06,101603.806084,-0.000279
2016-09-07,102226.429227,0.006128
2016-09-08,99547.187457,-0.026209
2016-09-09,97292.464324,-0.022650
2016-09-12,99471.723941,0.022399
2016-09-13,101839.630555,0.023805
2016-09-14,105443.404564,0.035387
2016-09-15,109028.334314,0.033999
2016-09-16,108415.105785,-0.005624
2016-09-19,107150.999516,-0.011660
2016-09-20,107141.534148,-0.000088
2016-09-21,107122.658442,-0.000176
2016-09-22,108132.111703,0.009423
2016-09-23,106330.193252,-0.016664
2016-09-26,106490.609238,0.001509
2016-09-27,106688.690158,0.001860
2016-09-28,107499.999607,0.007604
2016-09-29,105830.179652,-0.015533
2016-09-30,106650.978054,0.007756
2016-10-03,106150.964453,-0.004688
2016-10-04,106603.800581,0.004266
2016-10-05,106650.978054,0.000443
2016-10-06,107443.435382,0.007430
2016-10-07,107603.819921,0.001493
2016-10-10,109481.131134,0.017447
2016-10-11,109717.002774,0.002154
2016-10-12,110698.146407,0.008942
2016-10-13,110358.533069,-0.003068
2016-10-14,110971.730151,0.005556
2016-10-17,110896.235189,-0.000680
2016-10-18,110820.779534,-0.000680
2016-10-19,110490.584395,-0.002980
2016-10-20,110433.996585,-0.000512
2016-10-21,110000.012579,-0.003930
2016-10-24,110990.582273,0.009005
2016-10-25,111556.633329,0.005100
2016-10-26,109047.194297,-0.022495
2016-10-27,108000.028931,-0.009603
2016-10-28,107283.042981,-0.006639
2016-10-31,107113.248104,-0.001583
2016-11-01,105179.270465,-0.018055
2016-11-02,105273.617549,0.000897
2016-11-03,104145.218251,-0.010719
2016-11-04,103206.456513,-0.009014
2016-11-07,104695.192332,0.014425
2016-11-08,105311.534055,0.005887
2016-11-09,105140.850817,-0.001621
2016-11-10,102210.816086,-0.027868
2016-11-11,102817.684579,0.005937
2016-11-14,100238.473830,-0.025085
2016-11-15,101565.983918,0.013244
2016-11-16,104296.939305,0.026888
2016-11-17,104258.959907,-0.000364
2016-11-18,104363.299087,0.001001
2016-11-21,105946.877270,0.015174
2016-11-22,106013.229189,0.000626
2016-11-23,105472.751924,-0.005098
2016-11-25,106003.771682,0.005035
2016-11-28,105795.132631,-0.001968
2016-11-29,105690.848482,-0.000986
2016-11-30,104799.492203,-0.008434
2016-12-01,103822.798237,-0.009320
2016-12-02,104211.570171,0.003745
2016-12-05,103462.461716,-0.007188
2016-12-06,104258.959907,0.007698
2016-12-07,105283.090779,0.009823
2016-12-08,106316.679159,0.009817
2016-12-09,108051.931226,0.016322
2016-12-12,107435.589503,-0.005704
2016-12-13,109227.767429,0.016681
2016-12-14,109227.767429,0.000000
2016-12-15,109825.154830,0.005469
2016-12-16,109967.394793,0.001295
2016-12-19,110602.730146,0.005777
2016-12-20,110896.675439,0.002658
2016-12-21,111000.975310,0.000941
2016-12-22,110270.844762,-0.006578
2016-12-23,110488.933459,0.001978
2016-12-27,111190.620732,0.006351
2016-12-28,110716.495386,-0.004264
2016-12-29,110688.091418,-0.000257
2016-12-30,109825.154830,-0.007796
2017-01-03,110138.070169,0.002849
2017-01-04,110014.831698,-0.001119
2017-01-05,110574.263285,0.005085
2017-01-06,111806.978178,0.011148
2017-01-09,112831.093327,0.009160
2017-01-10,112944.874291,0.001008
2017-01-11,113551.719199,0.005373
2017-01-12,113077.625299,-0.004175
2017-01-13,112878.506648,-0.001761
2017-01-17,113788.793664,0.008064
2017-01-18,113779.351880,-0.000083
2017-01-19,113580.193921,-0.001750
2017-01-20,113788.793664,0.001837
2017-01-23,113864.697430,0.000667
2017-01-24,113760.358250,-0.000916
2017-01-25,115571.498360,0.015921
2017-01-26,115628.400634,0.000492
2017-01-27,115637.866003,0.000082
2017-01-30,115334.423895,-0.002624
2017-01-31,115068.929739,-0.002302
2017-02-01,122085.888944,0.060980
2017-02-02,121877.336370,-0.001708
2017-02-03,122398.835728,0.004279
2017-02-06,123546.197210,0.009374
2017-02-07,124722.049136,0.009518
2017-02-08,125205.608404,0.003877
2017-02-09,126110.329406,0.007226
2017-02-10,125824.607348,-0.002266
2017-02-13,126938.895071,0.008856
2017-02-14,128586.403800,0.012979
2017-02-15,129053.092070,0.003629
2017-02-16,128900.726365,-0.001181
2017-02-17,129253.106944,0.002734
2017-02-21,130186.459900,0.007221
2017-02-22,130576.827740,0.002999
2017-02-23,130024.518764,-0.004230
2017-02-24,130148.331131,0.000952
2017-02-27,130405.444820,0.001976
2017-02-28,130462.606527,0.000438
2017-03-01,133129.167533,0.020439
2017-03-02,132338.762084,-0.005937
2017-03-03,133119.686442,0.005901
2017-03-06,132700.615894,-0.003148
2017-03-07,132871.998814,0.001292
2017-03-08,132376.843683,-0.003727
2017-03-09,132072.096549,-0.002302
2017-03-10,132510.176451,0.003317
2017-03-13,132567.314573,0.000431
2017-03-14,132367.315422,-0.001509
2017-03-15,133767.262309,0.010576
2017-03-16,133986.270813,0.001637
2017-03-17,133319.685593,-0.004975
2017-03-20,134719.585310,0.010500
2017-03-21,133176.808841,-0.011452
2017-03-22,134681.519434,0.011299
2017-03-23,134205.326487,-0.003536
2017-03-24,133938.692399,-0.001987
2017-03-27,134167.244887,0.001706
2017-03-28,136948.145031,0.020727
2017-03-29,137252.813549,0.002225
2017-03-30,137071.902368,-0.001318
2017-03-31,136814.765095,-0.001876
2017-04-03,136852.909587,0.000279
2017-04-04,137871.914695,0.007446
2017-04-05,137157.609551,-0.005181
2017-04-06,136814.765095,-0.002500
2017-04-07,136510.049407,-0.002227
2017-04-10,136348.100409,-0.001186
2017-04-11,134881.518585,-0.010756
2017-04-12,135043.404690,0.001200
2017-04-13,134329.162439,-0.005289
2017-04-17,135071.989474,0.005530
2017-04-18,134472.007745,-0.004442
2017-04-19,133976.726828,-0.003683
2017-04-20,135652.898958,0.012511
2017-04-21,135491.060022,-0.001193
2017-04-24,136795.692848,0.009629
2017-04-25,137643.346483,0.006196
2017-04-26,136833.821617,-0.005881
2017-04-27,136938.585324,0.000766
2017-04-28,136805.252556,-0.000974
2017-05-01,139595.665239,0.020397
2017-05-02,140481.290410,0.006344
2017-05-03,140052.770216,-0.003050
2017-05-04,139548.071101,-0.003604
2017-05-05,141862.259390,0.016583
2017-05-08,145719.255594,0.027188
2017-05-09,146652.584965,0.006405
2017-05-10,145957.336345,-0.004741
2017-05-11,147219.673753,0.008649
2017-05-12,149275.671314,0.013966
2017-05-15,148893.172938,-0.002562
2017-05-16,148673.173872,-0.001478
2017-05-17,143681.434057,-0.033575
2017-05-18,145871.283251,0.015241
2017-05-19,146368.576737,0.003409
2017-05-22,147257.896861,0.006076
2017-05-23,147076.215242,-0.001234
2017-05-24,146636.295726,-0.002991
2017-05-25,147143.086028,0.003456
2017-05-26,146894.517901,-0.001689
2017-05-30,146951.876148,0.000390
2017-05-31,146081.706886,-0.005921
2017-06-01,146483.308955,0.002749
2017-06-02,148654.070179,0.014819
2017-06-05,147200.538614,-0.009778
2017-06-06,147697.784931,0.003378
2017-06-07,148577.608240,0.005957
2017-06-08,148214.150663,-0.002446
2017-06-09,142466.942357,-0.038776
2017-06-12,139062.538571,-0.023896
2017-06-13,140181.417469,0.008046
2017-06-14,138813.954721,-0.009755
2017-06-15,137981.945674,-0.005994
2017-06-16,136050.318654,-0.013999
2017-06-19,139942.346157,0.028607
2017-06-20,138670.464764,-0.009089
2017-06-21,139492.882656,0.005931
2017-06-22,139263.402498,-0.001645
2017-06-23,139884.893570,0.004463
2017-06-26,139445.084117,-0.003144
2017-06-27,137446.429080,-0.014333
2017-06-28,139454.596655,0.014611
2017-06-29,137398.614817,-0.014743
2017-06-30,137723.739223,0.002366
2017-07-03,137226.477183,-0.003611
2017-07-05,137790.688624,0.004112
2017-07-06,136490.143831,-0.009439
2017-07-07,137876.804611,0.010159
2017-07-10,138718.279026,0.006103
2017-07-11,139167.742527,0.003240
2017-07-12,139368.575008,0.001443
2017-07-13,141309.808905,0.013929
2017-07-14,142524.300604,0.008595
2017-07-17,143021.578368,0.003489
2017-07-18,143518.840407,0.003477
2017-07-19,144417.735962,0.006263
2017-07-20,143767.502874,-0.004502
2017-07-21,143700.522026,-0.000466
2017-07-24,145440.954889,0.012112
2017-07-25,146062.540301,0.004274
2017-07-26,146751.075113,0.004714
2017-07-27,143977.847893,-0.018897
2017-07-28,142964.172951,-0.007040
2017-07-31,142227.823876,-0.005151
2017-08-01,143490.145561,0.008875
2017-08-02,150270.163947,0.047251
2017-08-03,148768.833843,-0.009991
2017-08-04,149552.981457,0.005271
2017-08-07,151867.169746,0.015474
2017-08-08,153081.661446,0.007997
2017-08-09,154018.764386,0.006122
2017-08-10,149113.030495,-0.031852
2017-08-11,151186.748107,0.013907
2017-08-14,153461.990020,0.015049
2017-08-15,155142.045781,0.010948
2017-08-16,154518.054719,-0.004022
2017-08-17,151551.494986,-0.019199
2017-08-18,151205.930415,-0.002280
2017-08-21,150927.503924,-0.001841
2017-08-22,153394.741878,0.016347
2017-08-23,153586.785088,0.001252
2017-08-24,152905.137038,-0.004438
2017-08-25,153471.565451,0.003704
2017-08-28,155017.234990,0.010071
2017-08-29,156399.697674,0.008918
2017-08-30,156822.117265,0.002701
2017-08-31,157446.139773,0.003979
2017-09-01,157494.126990,0.000305
2017-09-05,155602.908604,-0.012008
2017-09-06,155439.670303,-0.001049
2017-09-07,154815.632072,-0.004015
2017-09-08,152290.752854,-0.016309
2017-09-11,155046.024176,0.018092
2017-09-12,154431.624268,-0.003963
2017-09-13,153270.025426,-0.007522
2017-09-14,151954.747991,-0.008581
2017-09-15,153490.779206,0.010108
2017-09-18,152329.133194,-0.007568
2017-09-19,152386.727289,0.000378
2017-09-20,149833.058885,-0.016758
2017-09-21,147260.145279,-0.017172
2017-09-22,145820.041330,-0.009779
2017-09-25,144533.663143,-0.008822
2017-09-26,147020.114852,0.017203
2017-09-27,148066.572673,0.007118
2017-09-28,147154.548243,-0.006160
2017-09-29,147960.991361,0.005480
2017-10-02,147663.382561,-0.002011
2017-10-03,148306.603101,0.004356
2017-10-04,147346.560007,-0.006473
2017-10-05,149180.200021,0.012444
2017-10-06,149093.848186,-0.000579
2017-10-09,149612.257935,0.003477
2017-10-10,149669.820584,0.000385
2017-10-11,150293.921708,0.004170
2017-10-12,149765.842189,-0.003514
2017-10-13,150716.294129,0.006346
2017-10-16,153490.779206,0.018409
2017-10-17,154057.191896,0.003690
2017-10-18,153375.559569,-0.004425
2017-10-19,149746.659881,-0.023660
2017-10-20,150005.888340,0.001731
2017-10-23,149929.080490,-0.000512
2017-10-24,150821.891165,0.005955
2017-10-25,150159.409701,-0.004392
2017-10-26,151119.531411,0.006394
2017-10-27,156534.099619,0.035830
2017-10-30,160057.402272,0.022508
2017-10-31,162284.735584,0.013916
2017-11-01,160220.656296,-0.012719
2017-11-02,161391.877739,0.007310
2017-11-03,165606.466765,0.026114
2017-11-06,167286.506803,0.010145
2017-11-07,167824.161753,0.003214
2017-11-08,169197.017560,0.008180
2017-11-09,168851.358650,-0.002043
2017-11-10,168292.555991,-0.003309
2017-11-13,167618.156338,-0.004007
2017-11-14,165084.157662,-0.015118
2017-11-15,162906.682629,-0.013190
2017-11-16,164852.900782,0.011947
2017-11-17,163937.590202,-0.005552
2017-11-20,163773.801589,-0.000999
2017-11-21,166818.411305,0.018590
2017-11-22,168571.988767,0.010512
2017-11-24,168581.627091,0.000057
2017-11-27,167733.816224,-0.005029
2017-11-28,166751.005931,-0.005859
2017-11-29,163292.042628,-0.020743
2017-11-30,165575.570670,0.013984
2017-12-01,164804.787778,-0.004655
2017-12-04,163600.358929,-0.007308
2017-12-05,163446.240087,-0.000942
2017-12-06,162839.230085,-0.003714
2017-12-07,163137.892339,0.001834
2017-12-08,163186.099682,0.000296
2017-12-11,166365.598762,0.019484
2017-12-12,165431.027258,-0.005618
2017-12-13,165980.175870,0.003320
2017-12-14,165931.999974,-0.000290
2017-12-15,167618.156338,0.010162
2017-12-18,169978.680908,0.014083
2017-12-19,168167.289227,-0.010657
2017-12-20,167984.208243,-0.001089
2017-12-21,168620.148940,0.003786
2017-12-22,168620.148940,0.000000
2017-12-26,164342.289742,-0.025370
2017-12-27,164371.188990,0.000176
2017-12-28,164833.671304,0.002814
2017-12-29,163051.178871,-0.010814
2018-01-02,165970.521823,0.017904
2018-01-03,165941.654021,-0.000174
2018-01-04,166712.484082,0.004645
2018-01-05,168610.542062,0.011385
2018-01-08,167984.208243,-0.003715
2018-01-09,167964.994488,-0.000114
2018-01-10,167926.472639,-0.000229
2018-01-11,168880.289345,0.005680
2018-01-12,170624.228482,0.010326
2018-01-16,169757.093799,-0.005082
2018-01-17,172560.886927,0.016517
2018-01-18,172714.958600,0.000893
2018-01-19,171944.191432,-0.004463
2018-01-22,170537.515014,-0.008181
2018-01-23,170576.052586,0.000226
2018-01-24,167859.004372,-0.015929
2018-01-25,164862.554829,-0.017851
2018-01-26,165247.961998,0.002338
2018-01-29,161827.567713,-0.020699
2018-01-30,160873.735284,-0.005894
2018-01-31,161316.909504,0.002755
2018-02-01,161654.140776,0.002090
2018-02-02,154639.940994,-0.043390
2018-02-05,150776.325321,-0.024985
2018-02-06,157077.556432,0.041792
2018-02-07,153714.992090,-0.021407
2018-02-08,149485.245896,-0.027517
2018-02-09,151313.681530,0.012232
2018-02-12,157408.435530,0.040279
2018-02-13,158985.299905,0.010018
2018-02-14,161916.513876,0.018437
2018-02-15,167353.487650,0.033579
2018-02-16,166811.713221,-0.003237
2018-02-20,166250.646420,-0.003363
2018-02-21,165496.011259,-0.004539
2018-02-22,166879.480229,0.008360
2018-02-23,169781.684889,0.017391
2018-02-26,173138.620323,0.019772
2018-02-27,172577.506353,-0.003241
2018-02-28,172316.312494,-0.001513
2018-03-01,169297.976251,-0.017516
2018-03-02,170468.553042,0.006914
2018-03-05,171058.676323,0.003462
2018-03-06,170913.582600,-0.000848
2018-03-07,169326.985562,-0.009283
2018-03-08,171174.760736,0.010912
2018-03-09,174115.707370,0.017181
2018-03-12,175798.986388,0.009668
2018-03-13,174106.021877,-0.009630
2018-03-14,172625.902374,-0.008501
2018-03-15,172829.030443,0.001177
2018-03-16,172219.583345,-0.003526
2018-03-19,169588.226591,-0.015279
2018-03-20,169530.160800,-0.000342
2018-03-21,165689.563897,-0.022654
2018-03-22,163348.331697,-0.014130
2018-03-23,159565.769139,-0.023156
2018-03-26,167140.658365,0.047472
2018-03-27,162854.969012,-0.025641
2018-03-28,161055.605582,-0.011049
2018-03-29,162313.194582,0.007808
2018-04-02,161249.079603,-0.006556
2018-04-03,162903.349310,0.010259
2018-04-04,166018.430425,0.019122
2018-04-05,167169.667676,0.006934
2018-04-06,162893.648093,-0.025579
2018-04-09,164509.254442,0.009918
2018-04-10,167604.980293,0.018818
2018-04-11,166821.382991,-0.004675
2018-04-12,168465.998651,0.009859
2018-04-13,169036.782391,0.003388
2018-04-16,170091.259047,0.006238
2018-04-17,172432.396906,0.013764
2018-04-18,172045.401694,-0.002244
2018-04-19,167169.667676,-0.028340
2018-04-20,160320.341407,-0.040972
2018-04-23,159856.003756,-0.002896
2018-04-24,157630.966032,-0.013919
2018-04-25,158317.771292,0.004357
2018-04-26,158869.246939,0.003483
2018-04-27,157031.094365,-0.011570
2018-04-30,159875.327573,0.018113
2018-05-01,163590.248909,0.023236
2018-05-02,170816.853450,0.044175
2018-05-03,171126.380438,0.001812
2018-05-04,177840.235584,0.039233
2018-05-07,179126.928235,0.007235
2018-05-08,179987.915146,0.004807
2018-05-09,181255.236810,0.007041
2018-05-10,183847.914482,0.014304
2018-05-11,183148.703614,-0.003803
2018-05-14,182721.362661,-0.002333
2018-05-15,181060.725057,-0.009088
2018-05-16,182750.482034,0.009333
2018-05-17,181594.810840,-0.006324
2018-05-18,180934.483454,-0.003636
2018-05-21,182216.411974,0.007085
2018-05-22,181759.935925,-0.002505
2018-05-23,182925.308336,0.006412
2018-05-24,182721.362661,-0.001115
2018-05-25,183138.986674,0.002286
2018-05-29,182478.580673,-0.003606
2018-05-30,182090.123202,-0.002129
2018-05-31,181478.349070,-0.003360
2018-06-01,184751.086749,0.018034
2018-06-04,186295.199690,0.008358
2018-06-05,187732.489186,0.007715
2018-06-06,188383.178248,0.003466
2018-06-07,187878.180391,-0.002681
2018-06-08,186168.942365,-0.009098
2018-06-11,185712.513485,-0.002452
2018-06-12,186732.241860,0.005491
2018-06-13,185197.814412,-0.008217
2018-06-14,185294.920918,0.000524
2018-06-15,183391.469879,-0.010273
2018-06-18,183294.379096,-0.000529
2018-06-19,180332.363369,-0.016160
2018-06-20,181119.026696,0.004362
2018-06-21,180108.983814,-0.005577
2018-06-22,179584.599248,-0.002911
2018-06-25,176913.965931,-0.014871
2018-06-26,179108.673595,0.012406
2018-06-27,178846.504897,-0.001464
2018-06-28,180147.851574,0.007276
2018-06-29,179769.142489,-0.002102
2018-07-02,181779.322635,0.011182
2018-07-03,178613.455572,-0.017416
2018-07-05,180050.729344,0.008047
2018-07-06,182546.583529,0.013862
2018-07-09,185081.274026,0.013885
2018-07-10,184857.957364,-0.001207
2018-07-11,182459.178239,-0.012976
2018-07-12,185518.316196,0.016766
2018-07-13,185809.604267,0.001570
2018-07-16,185401.744364,-0.002195
2018-07-17,185926.160376,0.002829
2018-07-18,184906.400555,-0.005485
2018-07-19,186343.721497,0.007773
2018-07-20,185916.474883,-0.002293
2018-07-23,186081.584245,0.000888
2018-07-24,187431.452728,0.007254
2018-07-25,189198.960948,0.009430
2018-07-26,188606.652142,-0.003131
2018-07-27,185469.715773,-0.016632
2018-07-30,184430.616411,-0.005603
2018-07-31,184799.608555,0.002001
2018-08-01,195686.213282,0.058910
2018-08-02,201406.299061,0.029231
2018-08-03,201988.953820,0.002893
2018-08-06,203037.833015,0.005193
2018-08-07,201134.366253,-0.009375
2018-08-08,201270.293349,0.000676
2018-08-09,202853.305497,0.007865
2018-08-10,202249.015610,-0.002979
2018-08-13,203554.906292,0.006457
2018-08-14,204412.559884,0.004213
2018-08-15,204890.089303,0.002336
2018-08-16,207891.696057,0.014650
2018-08-17,212043.266483,0.019970
2018-08-20,209977.284688,-0.009743
2018-08-21,209567.931080,-0.001950
2018-08-22,209577.695189,0.000047
2018-08-23,210006.435507,0.002046
2018-08-24,210659.467326,0.003110
2018-08-27,212394.145497,0.008235
2018-08-28,214109.374064,0.008076
2018-08-29,217305.901374,0.014929
2018-08-30,219303.754528,0.009194
2018-08-31,221837.580249,0.011554
2018-09-04,222549.008047,0.003207
2018-09-05,221096.891570,-0.006525
2018-09-06,217422.882010,-0.016617
2018-09-07,215668.644174,-0.008068
2018-09-10,212774.253946,-0.013421
2018-09-11,218153.743687,0.025283
2018-09-12,215444.509905,-0.012419
2018-09-13,220648.591586,0.024155
2018-09-14,218144.026747,-0.011351
2018-09-17,212335.686625,-0.026626
2018-09-18,212686.502746,0.001652
2018-09-19,212813.200321,0.000596
2018-09-20,214430.960749,0.007602
2018-09-21,212121.269296,-0.010771
2018-09-24,215171.586536,0.014380
2018-09-25,216535.967536,0.006341
2018-09-26,214811.022029,-0.007966
2018-09-27,219225.751715,0.020552
2018-09-28,219995.654106,0.003512
2018-10-01,221477.015742,0.006734
2018-10-02,223445.623737,0.008889
2018-10-03,226164.653075,0.012169
2018-10-04,222188.427816,-0.017581
2018-10-05,218582.594068,-0.016229
2018-10-08,218075.835213,-0.002318
2018-10-09,221096.891570,0.013853
2018-10-10,210854.372159,-0.046326
2018-10-11,208992.964967,-0.008828
2018-10-12,216458.027615,0.035719
2018-10-15,211828.896324,-0.021386
2018-10-16,216497.052607,0.022037
2018-10-17,215561.443371,-0.004322
2018-10-18,210523.052811,-0.023373
2018-10-19,213729.281338,0.015230
2018-10-22,215035.172020,0.006110
2018-10-23,217062.238887,0.009427
2018-10-24,209616.673011,-0.034302
2018-10-25,214206.857927,0.021898
2018-10-26,210795.897565,-0.015924
2018-10-29,206839.200525,-0.018770
2018-10-30,207872.215008,0.004994
2018-10-31,213290.714017,0.026066
2018-11-01,216565.212695,0.015352
2018-11-02,202200.336571,-0.066330
2018-11-05,196460.235153,-0.028388
2018-11-06,198584.707266,0.010814
2018-11-07,204607.464717,0.030328
2018-11-08,203893.584100,-0.003489
2018-11-09,199962.169972,-0.019282
2018-11-12,189889.303929,-0.050374
2018-11-13,187992.047833,-0.009991
2018-11-14,182681.787357,-0.028247
2018-11-15,187190.117275,0.024679
2018-11-16,189263.347467,0.011076
2018-11-19,181762.467361,-0.039632
2018-11-20,173078.258944,-0.047778
2018-11-21,172882.693737,-0.001130
2018-11-23,168491.690365,-0.025399
2018-11-26,170770.281321,0.013523
2018-11-27,170398.679125,-0.002176
2018-11-28,176950.931183,0.038452
2018-11-29,175591.597331,-0.007682
2018-11-30,174642.953560,-0.005403
2018-12-03,180745.411930,0.034942
2018-12-04,172794.643796,-0.043989
2018-12-06,170868.126818,-0.011149
2018-12-07,164775.416834,-0.035657
2018-12-10,165860.946817,0.006588
2018-12-11,164912.350215,-0.005719
2018-12-12,165371.955182,0.002787
2018-12-13,167181.192784,0.010940
2018-12-14,161831.765809,-0.031998
2018-12-17,160325.750189,-0.009306
2018-12-18,162408.775938,0.012992
2018-12-19,157343.011280,-0.031191
2018-12-20,153372.462098,-0.025235
2018-12-21,147406.968555,-0.038895
2018-12-24,147406.968555,0.000000
2018-12-26,147406.968555,0.000000
2018-12-27,147406.968555,0.000000
2018-12-28,147406.968555,0.000000
2018-12-31,147406.968555,0.000000
2019-01-02,147406.968555,0.000000
2019-01-03,147406.968555,0.000000
2019-01-04,147406.968555,0.000000
2019-01-07,147406.968555,0.000000
2019-01-08,147406.968555,0.000000
2019-01-09,147406.968555,0.000000
2019-01-10,147406.968555,0.000000
2019-01-11,147406.968555,0.000000
2019-01-14,147406.968555,0.000000
2019-01-15,147406.968555,0.000000
2019-01-16,147406.968555,0.000000
2019-01-17,147406.968555,0.000000
2019-01-18,147406.968555,0.000000
2019-01-22,147406.968555,0.000000
2019-01-23,147406.968555,0.000000
2019-01-24,147406.968555,0.000000
2019-01-25,147406.968555,0.000000
2019-01-28,147406.968555,0.000000
2019-01-29,147406.968555,0.000000
2019-01-30,147406.968555,0.000000
2019-01-31,147406.968555,0.000000
2019-02-01,147406.968555,0.000000
2019-02-04,147406.968555,0.000000
2019-02-05,147406.968555,0.000000
2019-02-06,147406.968555,0.000000
2019-02-07,147406.968555,0.000000
2019-02-08,147406.968555,0.000000
2019-02-11,147406.968555,0.000000
2019-02-12,147406.968555,0.000000
2019-02-13,147406.968555,0.000000
2019-02-14,147406.968555,0.000000
2019-02-15,147406.968555,0.000000
2019-02-19,147406.968555,0.000000
2019-02-20,147406.968555,0.000000
2019-02-21,147406.968555,0.000000
2019-02-22,147406.968555,0.000000
2019-02-25,147406.968555,0.000000
2019-02-26,147406.968555,0.000000
2019-02-27,147406.968555,0.000000
2019-02-28,147406.968555,0.000000
2019-03-01,147406.968555,0.000000
2019-03-04,147406.968555,0.000000
2019-03-05,147406.968555,0.000000
2019-03-06,147406.968555,0.000000
2019-03-07,147406.968555,0.000000
2019-03-08,147406.968555,0.000000
2019-03-11,147406.968555,0.000000
2019-03-12,147406.968555,0.000000
2019-03-13,147406.968555,0.000000
2019-03-14,147406.968555,0.000000
2019-03-15,147406.968555,0.000000
2019-03-18,147406.968555,0.000000
2019-03-19,147406.968555,0.000000
2019-03-20,147406.968555,0.000000
2019-03-21,147406.968555,0.000000
2019-03-22,147406.968555,0.000000
2019-03-25,147406.968555,0.000000
2019-03-26,147406.968555,0.000000
2019-03-27,147406.968555,0.000000
2019-03-28,147406.968555,0.000000
2019-03-29,147406.968555,0.000000
2019-04-01,147406.968555,0.000000
2019-04-02,147406.968555,0.000000
2019-04-03,147406.968555,0.000000
2019-04-04,147406.968555,0.000000
2019-04-05,147406.968555,0.000000
2019-04-08,147406.968555,0.000000
2019-04-09,147406.968555,0.000000
2019-04-10,147406.968555,0.000000
2019-04-11,147406.968555,0.000000
2019-04-12,147406.968555,0.000000
2019-04-15,147406.968555,0.000000
2019-04-16,147406.968555,0.000000
2019-04-17,147406.968555,0.000000
2019-04-18,147406.968555,0.000000
2019-04-22,147406.968555,0.000000
2019-04-23,147406.968555,0.000000
2019-04-24,147406.968555,0.000000
2019-04-25,147406.968555,0.000000
2019-04-26,147406.968555,0.000000
2019-04-29,147406.968555,0.000000
2019-04-30,147406.968555,0.000000
2019-05-01,147406.968555,0.000000
2019-05-02,147406.968555,0.000000
2019-05-03,147406.968555,0.000000
2019-05-06,147406.968555,0.000000
2019-05-07,143433.300010,-0.026957
2019-05-08,143461.609459,0.000197
2019-05-09,141920.233013,-0.010744
2019-05-10,139954.124290,-0.013854
2019-05-13,131820.053507,-0.058120
2019-05-14,133906.859409,0.015831
2019-05-15,135510.921870,0.011979
2019-05-16,134914.702932,-0.004400
2019-05-17,134148.140576,-0.005682
2019-05-20,129953.327813,-0.031270
2019-05-21,132444.706405,0.019171
2019-05-22,129733.304201,-0.020472
2019-05-23,127518.783183,-0.017070
2019-05-24,127029.055763,-0.003840
2019-05-28,126503.785893,-0.004135
2019-05-29,125900.481103,-0.004769
2019-05-30,126553.500046,0.005187
2019-05-31,124260.932789,-0.018115
2019-06-03,123004.609055,-0.010110
2019-06-04,127504.611480,0.036584
2019-06-05,129562.949464,0.016143
2019-06-06,131465.149693,0.014682
2019-06-07,134964.383127,0.026617
2019-06-10,136689.142767,0.012779
2019-06-11,138271.970312,0.011580
2019-06-12,137831.877811,-0.003183
2019-06-13,137803.489128,-0.000206
2019-06-14,136802.697499,-0.007262
2019-06-17,137618.951369,0.005967
2019-06-18,140855.532890,0.023518
2019-06-19,140443.851710,-0.002923
2019-06-20,141572.426370,0.008036
2019-06-21,141089.762163,-0.003409
2019-06-24,140947.807429,-0.001006
2019-06-25,138811.366608,-0.015158
2019-06-26,141813.741494,0.021629
2019-06-27,141771.147150,-0.000300
2019-06-28,140479.348883,-0.009112
2019-07-01,143055.859566,0.018341
2019-07-02,143893.393629,0.005855
2019-07-03,145085.820187,0.008287
2019-07-05,144958.037156,-0.000881
2019-07-08,141969.913208,-0.020614
2019-07-09,142835.847273,0.006099
2019-07-10,144248.274805,0.009888
2019-07-11,143197.825620,-0.007282
2019-07-12,144297.977639,0.007683
2019-07-15,145653.650443,0.009395
2019-07-16,145149.717363,-0.003460
2019-07-17,144333.440854,-0.005624
2019-07-18,145973.057084,0.011360
2019-07-19,143794.044558,-0.014927
2019-07-22,147080.294955,0.022854
2019-07-23,148230.115850,0.007818
2019-07-24,148109.497905,-0.000814
2019-07-25,146938.340221,-0.007907
2019-07-26,147449.404430,0.003478
2019-07-29,148826.357427,0.009338
2019-07-30,148187.578102,-0.004292
2019-07-31,151211.187904,0.020404
2019-08-01,147939.120530,-0.021639
2019-08-02,144809.019209,-0.021158
2019-08-05,137228.573021,-0.052348
2019-08-06,139826.363897,0.018930
2019-08-07,141274.311241,0.010355
2019-08-08,144390.240858,0.022056
2019-08-09,143200.429048,-0.008240
2019-08-12,142837.047114,-0.002538
2019-08-13,148885.964606,0.042348
2019-08-14,144454.375738,-0.029765
2019-08-15,143734.765638,-0.004982
2019-08-16,147126.137924,0.023595
2019-08-19,149869.154798,0.018644
2019-08-20,149876.308565,0.000048
2019-08-21,151500.745679,0.010839
2019-08-22,151372.521197,-0.000846
2019-08-23,144375.989921,-0.046221
2019-08-26,147119.040753,0.018999
2019-08-27,145458.947997,-0.011284
2019-08-28,146435.052337,0.006711
2019-08-29,148914.466481,0.016932
2019-08-30,148722.118439,-0.001292
2019-09-03,146556.157010,-0.014564
2019-09-04,149042.679644,0.016966
2019-09-05,151956.719090,0.019552
2019-09-06,151942.479472,-0.000094
2019-09-09,152590.834883,0.004267
2019-09-10,154393.380421,0.011813
2019-09-11,159302.370043,0.031795
2019-09-12,158946.096599,-0.002236
2019-09-13,155853.948729,-0.019454
2019-09-16,156673.292755,0.005257
2019-09-17,157243.296307,0.003638
2019-09-18,158718.115553,0.009379
2019-09-19,157428.524540,-0.008125
2019-09-20,155127.252778,-0.014618
2019-09-23,155832.600621,0.004547
2019-09-24,155091.597135,-0.004755
2019-09-25,157478.442439,0.015390
2019-09-26,156666.172946,-0.005158
2019-09-27,155903.832671,-0.004866
2019-09-30,159573.069945,0.023535
2019-10-01,160014.826376,0.002768
2019-10-02,156003.566597,-0.025068
2019-10-03,157328.801933,0.008495
2019-10-04,161738.974777,0.028032
2019-10-07,161774.630420,0.000220
2019-10-08,159879.448127,-0.011715
2019-10-09,161753.259673,0.011720
2019-10-10,163933.415443,0.013478
2019-10-11,168293.794899,0.026598
2019-10-14,168051.551596,-0.001439
2019-10-15,167659.679106,-0.002332
2019-10-16,166982.810500,-0.004037
2019-10-17,167631.211188,0.003883
2019-10-18,168436.292957,0.004803
2019-10-21,171357.429574,0.017343
2019-10-22,170965.568404,-0.002287
2019-10-23,173259.742995,0.013419
2019-10-24,173544.727792,0.001645
2019-10-25,175682.164707,0.012316
2019-10-28,177441.991389,0.010017
2019-10-29,173338.117493,-0.023128
2019-10-30,173316.724108,-0.000123
2019-10-31,177235.369771,0.022610
2019-11-01,182265.430108,0.028381
2019-11-04,183462.361728,0.006567
2019-11-05,183198.770316,-0.001437
2019-11-06,183277.144814,0.000428
2019-11-07,185392.339400,0.011541
2019-11-08,185899.758810,0.002737
2019-11-11,187371.838797,0.007919
2019-11-12,187200.386093,-0.000915
2019-11-13,188994.079976,0.009582
2019-11-14,187686.321564,-0.006920
2019-11-15,189915.829271,0.011879
2019-11-18,190873.460593,0.005042
2019-11-19,190294.661983,-0.003032
2019-11-20,188079.348617,-0.011641
2019-11-21,187236.087013,-0.004484
2019-11-22,187071.708841,-0.000878
2019-11-25,190351.778926,0.017534
2019-11-26,188865.459320,-0.007808
2019-11-27,191402.341304,0.013432
2019-11-29,190980.653906,-0.002203
2019-12-02,188772.539584,-0.011562
2019-12-03,185406.726168,-0.017830
2019-12-04,187043.127731,0.008826
2019-12-05,189787.276531,0.014671
2019-12-06,193453.276498,0.019316
2019-12-09,190744.851257,-0.014000
2019-12-10,191859.684345,0.005845
2019-12-11,193496.108546,0.008529
2019-12-12,193989.152507,0.002548
2019-12-13,196626.107994,0.013593
2019-12-16,199992.000644,0.017118
2019-12-17,200385.005059,0.001965
2019-12-18,199906.178079,-0.002390
2019-12-19,200106.234531,0.001001
2019-12-20,199691.814092,-0.002071
2019-12-23,202950.468153,0.016318
2019-12-24,203143.461393,0.000951
2019-12-26,207173.884665,0.019840
2019-12-27,207095.215867,-0.000380
2019-12-30,208324.350758,0.005935
2019-12-31,209846.563710,0.007307
2020-01-02,214634.403383,0.022816
2020-01-03,212547.744631,-0.009722
2020-01-06,214241.376330,0.007968
2020-01-07,213233.849746,-0.004703
2020-01-08,216663.922553,0.016086
2020-01-09,221266.035946,0.021241
2020-01-10,221766.256312,0.002261
2020-01-13,226504.178085,0.021364
2020-01-14,223445.625754,-0.013503
2020-01-15,222488.084985,-0.004285
2020-01-16,225274.975279,0.012526
2020-01-17,227769.013895,0.011071
2020-01-21,226225.498111,-0.006777
2020-01-22,227032.945604,0.003569
2020-01-23,228126.317391,0.004816
2020-01-24,227468.895259,-0.002882
2020-01-27,220780.123114,-0.029405
2020-01-28,227025.837114,0.028289
2020-01-29,231777.907951,0.020932
2020-01-30,231442.111034,-0.001449
2020-01-31,221180.236019,-0.044339
2020-02-03,220572.844979,-0.002746
2020-02-04,227854.791184,0.033014
2020-02-05,229712.778416,0.008154
2020-02-06,232399.697079,0.011697
2020-02-07,229240.742986,-0.013593
2020-02-10,230329.564434,0.004750
2020-02-11,228939.899918,-0.006033
2020-02-12,234376.740199,0.023748
2020-02-13,232707.739192,-0.007121
2020-02-14,232765.037243,0.000246
2020-02-18,228502.976807,-0.018311
2020-02-19,231812.318476,0.014483
2020-02-20,229434.188996,-0.010259
2020-02-21,224240.939008,-0.022635
2020-02-24,213589.432715,-0.047500
2020-02-25,206354.642513,-0.033872
2020-02-26,209628.170070,0.015864
2020-02-27,195925.129382,-0.065368
2020-02-28,195810.601194,-0.000585
2020-03-02,214040.708638,0.093101
2020-03-03,207242.932100,-0.031759
2020-03-04,216855.829145,0.046385
2020-03-05,209821.706634,-0.032437
2020-03-06,207035.178556,-0.013280
2020-03-09,190660.296448,-0.079092
2020-03-10,204392.042758,0.072022
2020-03-11,197293.377875,-0.034731
2020-03-12,177809.685957,-0.098755
2020-03-13,199112.789097,0.119808
2020-03-16,173497.560471,-0.128647
2020-03-17,181126.226671,0.043970
2020-03-18,176692.260760,-0.024480
2020-03-19,175338.444313,-0.007662
2020-03-20,164206.990434,-0.063486
2020-03-23,160718.544247,-0.021244
2020-03-24,176842.704933,0.100325
2020-03-25,175868.502227,-0.005509
2020-03-26,185123.258151,0.052623
2020-03-27,177458.743881,-0.041402
2020-03-30,182523.010997,0.028538
2020-03-31,182150.528385,-0.002041
2020-04-01,172566.280366,-0.052617
2020-04-02,175445.841372,0.016687
2020-04-03,172924.478083,-0.014371
2020-04-06,188009.938967,0.087237
2020-04-07,185832.341347,-0.011582
2020-04-08,190588.690862,0.025595
2020-04-09,191963.979929,0.007216
2020-04-13,195731.796565,0.019628
2020-04-14,205616.831056,0.050503
2020-04-15,203740.121782,-0.009127
2020-04-16,205359.001144,0.007946
2020-04-17,202572.518343,-0.013569
2020-04-20,198367.846512,-0.020756
2020-04-21,192236.253207,-0.030910
2020-04-22,197773.291503,0.028803
2020-04-23,197006.819702,-0.003876
2020-04-24,202694.313490,0.028870
2020-04-27,202837.592577,0.000707
2020-04-28,199549.689570,-0.016210
2020-04-29,206103.966367,0.032845
2020-04-30,210451.962562,0.021096
2020-05-01,207063.816263,-0.016099
2020-05-04,209993.600788,0.014149
2020-05-05,213145.310560,0.015009
2020-05-06,215344.369481,0.010317
2020-05-07,217572.088746,0.010345
2020-05-08,222750.714261,0.023802
2020-05-11,226255.720513,0.015735
2020-05-12,223670.018597,-0.011428
2020-05-13,220969.358362,-0.012074
2020-05-14,222326.989397,0.006144
2020-05-15,221012.552626,-0.005912
2020-05-18,226219.883762,0.023561
2020-05-19,224912.668674,-0.005779
2020-05-20,229286.789702,0.019448
2020-05-21,227577.333689,-0.007456
2020-05-22,229042.565529,0.006438
2020-05-26,227491.148908,-0.006773
2020-05-27,228482.262576,0.004357
2020-05-28,228582.868084,0.000440
2020-05-29,228360.150490,-0.000974
2020-06-01,231168.547362,0.012298
2020-06-02,232238.737322,0.004629
2020-06-03,233517.201511,0.005505
2020-06-04,231506.177998,-0.008612
2020-06-05,238099.664683,0.028481
2020-06-08,239507.417364,0.005912
2020-06-09,247070.579055,0.031578
2020-06-10,253427.108527,0.025728
2020-06-11,241259.909171,-0.048011
2020-06-12,243342.855208,0.008634
2020-06-15,246352.327265,0.012367
2020-06-16,252881.226300,0.026502
2020-06-17,252529.288130,-0.001392
2020-06-18,252629.916277,0.000398
2020-06-19,251186.191015,-0.005715
2020-06-22,257758.148483,0.026164
2020-06-23,263259.848076,0.021344
2020-06-24,258612.842532,-0.017652
2020-06-25,262046.084729,0.013276
2020-06-26,253994.474694,-0.030726
2020-06-29,259848.225649,0.023047
2020-06-30,262017.379107,0.008348
2020-07-01,261521.731719,-0.001892
2020-07-02,261521.731719,0.000000
2020-07-06,268517.527244,0.026750
2020-07-07,267684.385050,-0.003103
2020-07-08,273918.757160,0.023290
2020-07-09,275096.683756,0.004300
2020-07-10,275577.865141,0.001749
2020-07-13,274306.622634,-0.004613
2020-07-14,278845.982096,0.016548
2020-07-15,280763.621784,0.006877
2020-07-16,277308.940924,-0.012305
2020-07-17,276748.637971,-0.002021
2020-07-20,282580.814433,0.021074
2020-07-21,278680.766300,-0.013802
2020-07-22,279463.651017,0.002809
2020-07-23,266743.415666,-0.045517
2020-07-24,266082.665674,-0.002477
2020-07-27,272388.892393,0.023700
2020-07-28,267914.165857,-0.016428
2020-07-29,273049.687662,0.019169
2020-07-30,276353.618729,0.012100
2020-07-31,305284.674956,0.104689
2020-08-03,312977.170415,0.025198
2020-08-04,315067.292859,0.006678
2020-08-05,316209.269512,0.003625
2020-08-06,327241.623344,0.034889
2020-08-07,319801.479279,-0.022736
2020-08-10,324449.707302,0.014535
2020-08-11,314800.701845,-0.029740
2020-08-12,325262.859698,0.033234
2020-08-13,331019.174536,0.017697
2020-08-14,330724.194840,-0.000891
2020-08-17,329860.762329,-0.002611
2020-08-18,332609.438829,0.008333
2020-08-19,333026.711719,0.001255
2020-08-20,340416.439838,0.022190
2020-08-21,357958.925386,0.051532
2020-08-24,362240.273827,0.011960
2020-08-25,359268.540155,-0.008204
2020-08-26,364154.246077,0.013599
2020-08-27,359800.952473,-0.011955
2020-08-28,359218.169486,-0.001620
2020-08-31,371399.948038,0.033912
2020-09-01,386193.802363,0.039833
2020-09-02,378192.404528,-0.020719
2020-09-03,347914.085701,-0.080061
2020-09-04,348144.319278,0.000662
2020-09-08,324715.936100,-0.067295
2020-09-09,337667.740699,0.039887
2020-09-10,326644.329076,-0.032646
2020-09-11,322355.849506,-0.013129
2020-09-14,332026.565288,0.030000
2020-09-15,332544.624794,0.001560
2020-09-16,322730.063964,-0.029514
2020-09-17,317578.106606,-0.015964
2020-09-18,307504.493383,-0.031720
2020-09-21,316829.790884,0.030326
2020-09-22,321809.016462,0.015716
2020-09-23,308310.401458,-0.041946
2020-09-24,311476.350848,0.010269
2020-09-25,323161.802857,0.037516
2020-09-28,330875.306848,0.023869
2020-09-29,328371.284652,-0.007568
2020-09-30,333321.691416,0.015076
2020-10-01,336142.358356,0.008462
2020-10-02,325291.587958,-0.032280
2020-10-05,335307.722021,0.030791
2020-10-06,325694.621230,-0.028669
2020-10-07,331220.679852,0.016967
2020-10-08,330904.057747,-0.000956
2020-10-09,336660.485778,0.017396
2020-10-12,358045.223360,0.063520
2020-10-13,348547.284634,-0.026527
2020-10-14,348806.337026,0.000743
2020-10-15,347424.777093,-0.003961
2020-10-16,342560.645665,-0.014001
2020-10-19,333811.045300,-0.025542
2020-10-20,338214.619020,0.013192
2020-10-21,336372.591933,-0.005446
2020-10-22,333149.027552,-0.009583
2020-10-23,331105.563064,-0.006134
2020-10-26,331134.359240,0.000087
2020-10-27,335595.547950,0.013472
2020-10-28,320053.355265,-0.046312
2020-10-29,331911.425861,0.037050
2020-10-30,313318.355297,-0.056018
2020-11-02,313059.393459,-0.000827
2020-11-03,317865.955174,0.015354
2020-11-04,330846.442757,0.040836
2020-11-05,342589.441841,0.035494
2020-11-06,342200.240695,-0.001136
2020-11-09,335367.193369,-0.019968
2020-11-10,334358.104729,-0.003009
2020-11-11,344506.719312,0.030353
2020-11-12,343699.475567,-0.002343
2020-11-13,343843.705470,0.000420
2020-11-16,346842.107299,0.008720
2020-11-17,344218.395336,-0.007565
2020-11-18,340297.383950,-0.011391
2020-11-19,342056.078706,0.005168
2020-11-20,338308.025484,-0.010957
2020-11-23,328245.844706,-0.029743
2020-11-24,332051.603473,0.011594
2020-11-25,334531.040255,0.007467
2020-11-27,336145.686216,0.004827
2020-11-30,343238.238703,0.021100
2020-12-01,353819.339251,0.030827
2020-12-02,354857.246706,0.002933
2020-12-03,354453.624833,-0.001137
2020-12-04,352464.198452,-0.005613
2020-12-07,356788.944904,0.012270
2020-12-08,358605.322567,0.005091
2020-12-09,351109.148206,-0.020904
2020-12-10,355318.528846,0.011989
2020-12-11,352925.548508,-0.006735
2020-12-14,351109.148206,-0.005147
2020-12-15,368696.322160,0.050090
2020-12-16,368494.499904,-0.000547
2020-12-17,371060.483684,0.006963
2020-12-18,365178.910007,-0.015851
2020-12-21,369705.410800,0.012395
2020-12-22,380228.918996,0.028465
2020-12-23,377576.433495,-0.006976
2020-12-24,380488.356242,0.007712
2020-12-28,394096.767987,0.035766
2020-12-29,388849.479892,-0.013315
2020-12-30,385533.889996,-0.008527
2020-12-31,382564.261705,-0.007703
2021-01-04,373107.479778,-0.024719
2021-01-05,377720.550206,0.012364
2021-01-06,365005.906566,-0.033662
2021-01-07,377461.112960,0.034123
2021-01-08,380719.133143,0.008631
2021-01-11,371867.727429,-0.023249
2021-01-12,371348.852937,-0.001395
2021-01-13,377374.611240,0.016227
2021-01-14,371665.927812,-0.015127
2021-01-15,366562.779067,-0.013730
2021-01-19,368552.137533,0.005427
2021-01-20,380661.314406,0.032856
2021-01-21,394615.733033,0.036658
2021-01-22,400958.679404,0.016074
2021-01-25,412058.835553,0.027684
2021-01-26,412750.758763,0.001679
2021-01-27,409579.376132,-0.007684
2021-01-28,395250.018615,-0.034986
2021-01-29,380459.514789,-0.037421
2021-02-01,386744.823530,0.016520
2021-02-02,389195.622606,0.006337
2021-02-03,386168.220855,-0.007779
2021-02-04,396115.081098,0.025758
2021-02-05,394887.893118,-0.003098
2021-02-08,395320.877130,0.001096
2021-02-09,392722.293906,-0.006573
2021-02-10,390932.086353,-0.004558
2021-02-11,390181.212480,-0.001921
2021-02-12,390874.131784,0.001776
2021-02-16,384579.631811,-0.016104
2021-02-17,377794.193257,-0.017644
2021-02-18,374531.328435,-0.008637
2021-02-19,374993.312369,0.001233
2021-02-22,363818.924568,-0.029799
2021-02-23,363414.600902,-0.001111
2021-02-24,361942.011548,-0.004052
2021-02-25,349352.717300,-0.034783
2021-02-26,350132.387349,0.002232
2021-03-01,368987.385395,0.053851
2021-03-02,361277.933696,-0.020894
2021-03-03,352442.284381,-0.024457
2021-03-04,346869.545165,-0.015812
2021-03-05,350594.326006,0.010738
2021-03-08,335983.843557,-0.041673
2021-03-09,349641.494046,0.040650
2021-03-10,346436.470599,-0.009167
2021-03-11,352153.575550,0.016503
2021-03-12,349468.173666,-0.007626
2021-03-15,358015.091512,0.024457
2021-03-16,362577.225308,0.012743
2021-03-17,360238.441546,-0.006450
2021-03-18,348024.538958,-0.033905
2021-03-19,346465.312052,-0.004480
2021-03-22,356282.634780,0.028336
2021-03-23,353828.304098,-0.006889
2021-03-24,346753.998245,-0.019994
2021-03-25,348197.746145,0.004164
2021-03-26,349987.976337,0.005141
2021-03-29,350507.779008,0.001485
2021-03-30,346205.376759,-0.012275
2021-03-31,352702.174397,0.018766
2021-04-01,355156.550356,0.006959
2021-04-05,363530.125183,0.023577
2021-04-06,364425.251599,0.002462
2021-04-07,369305.094148,0.013391
2021-04-08,376408.128262,0.019234
2021-04-09,384031.010325,0.020252
2021-04-12,378949.187050,-0.013233
2021-04-13,388160.092194,0.024306
2021-04-14,381230.219990,-0.017853
2021-04-15,388362.254027,0.018708
2021-04-16,387380.376868,-0.002528
2021-04-19,389343.950079,0.005069
2021-04-20,384348.673801,-0.012830
2021-04-21,385474.667672,0.002930
2021-04-22,380970.329974,-0.011685
2021-04-23,387842.519272,0.018039
2021-04-26,388997.535703,0.002978
2021-04-27,388044.590551,-0.002450
2021-04-28,385705.852066,-0.006027
2021-04-29,385417.030043,-0.000749
2021-04-30,379584.423449,-0.015133
2021-05-03,382702.809344,0.008215
2021-05-04,369160.660498,-0.035386
2021-05-05,369882.489171,0.001955
2021-05-06,374617.920709,0.012803
2021-05-07,376613.663233,0.005327
2021-05-10,366895.338679,-0.025804
2021-05-11,364176.545003,-0.007410
2021-05-12,355094.566134,-0.024938
2021-05-13,361457.683411,0.017920
2021-05-14,368630.715777,0.019845
2021-05-17,365217.735040,-0.009259
2021-05-18,361110.657796,-0.011246
2021-05-19,360647.881515,-0.001282
2021-05-20,368225.803510,0.021012
2021-05-21,362788.284073,-0.014767
2021-05-24,367618.412470,0.013314
2021-05-25,367039.953437,-0.001574
2021-05-26,366895.338679,-0.000394
2021-05-27,362354.371883,-0.012377
2021-05-28,360416.448097,-0.005348
2021-06-01,359461.963526,-0.002648
2021-06-02,361718.048836,0.006276
2021-06-03,357321.606245,-0.012154
2021-06-04,364118.703627,0.019022
2021-06-07,364147.612996,0.000079
2021-06-08,366577.131878,0.006672
2021-06-09,367705.163214,0.003077
2021-06-10,364755.026674,-0.008023
2021-06-11,368341.440984,0.009832
2021-06-14,377394.601038,0.024578
2021-06-15,374964.991601,-0.006438
2021-06-16,376440.139106,0.003934
2021-06-17,381183.539397,0.012601
2021-06-18,377336.804939,-0.010092
2021-06-21,382658.754817,0.014104
2021-06-22,387517.792582,0.012698
2021-06-23,386707.877493,-0.002090
2021-06-24,385869.256782,-0.002169
2021-06-25,385001.522956,-0.002249
2021-06-28,389831.673991,0.012546
2021-06-29,394314.867326,0.011500
2021-06-30,396137.131000,0.004621
2021-07-01,397033.661002,0.002263
2021-07-02,404814.061770,0.019596
2021-07-06,410772.470526,0.014719
2021-07-07,418147.823195,0.017955
2021-07-08,414301.043460,-0.009200
2021-07-09,419709.744082,0.013055
2021-07-12,417945.299145,-0.004204
2021-07-13,421242.732962,0.007890
2021-07-14,431394.833875,0.024100
2021-07-15,429456.932727,-0.004492
2021-07-16,423411.909058,-0.014076
2021-07-19,412016.094059,-0.026914
2021-07-20,422717.812551,0.025974
2021-07-21,420548.636455,-0.005131
2021-07-22,424597.849685,0.009628
2021-07-23,429688.388784,0.011989
2021-07-26,430932.193425,0.002895
2021-07-27,424511.144218,-0.014900
2021-07-28,419333.763821,-0.012196
2021-07-29,421242.732962,0.004552
2021-07-30,421879.010732,0.001510
2021-08-02,420895.639432,-0.002331
2021-08-03,426217.544033,0.012644
2021-08-04,425031.784514,-0.002782
2021-08-05,425349.855483,0.000748
2021-08-06,423322.170032,-0.004767
2021-08-09,423177.374166,-0.000342
2021-08-10,421758.030571,-0.003354
2021-08-11,422511.032464,0.001785
2021-08-12,431288.115971,0.020774
2021-08-13,431896.321997,0.001410
2021-08-16,437747.605356,0.013548
2021-08-17,435053.849865,-0.006154
2021-08-18,423959.443896,-0.025501
2021-08-19,424944.445169,0.002323
2021-08-20,429260.385243,0.010156
2021-08-23,433663.393000,0.010257
2021-08-24,433402.642721,-0.000601
2021-08-25,429752.863241,-0.008421
2021-08-26,427377.676766,-0.005527
2021-08-27,430448.001119,0.007184
2021-08-30,443541.024701,0.030417
2021-08-31,439804.313369,-0.008425
2021-09-01,441774.089529,0.004479
2021-09-02,445076.367986,0.007475
2021-09-03,446959.257571,0.004230
2021-09-07,453882.292946,0.015489
2021-09-08,449305.512039,-0.010084
2021-09-09,446292.915869,-0.006705
2021-09-10,431519.753136,-0.033102
2021-09-13,433199.892287,0.003894
2021-09-14,429057.589532,-0.009562
2021-09-15,431693.571563,0.006144
2021-09-16,430998.343131,-0.001610
2021-09-17,423090.442314,-0.018348
2021-09-20,414052.834911,-0.021361
2021-09-21,415472.087952,0.003428
2021-09-22,422482.145733,0.016873
2021-09-23,425320.923476,0.006719
2021-09-24,425581.628479,0.000613
2021-09-27,421091.824700,-0.010550
2021-09-28,411069.216025,-0.023801
2021-09-29,413734.175341,0.006483
2021-09-30,409881.509595,-0.009312
2021-10-01,413212.674782,0.008127
2021-10-04,403045.360795,-0.024606
2021-10-05,408751.893564,0.014159
2021-10-06,411329.875751,0.006307
2021-10-07,415066.587083,0.009084
2021-10-08,413936.925775,-0.002722
2021-10-11,413676.130219,-0.000630
2021-10-12,409910.486879,-0.009103
2021-10-13,408172.483714,-0.004240
2021-10-14,416428.021386,0.020226
2021-10-15,419556.526693,0.007513
2021-10-18,424509.876462,0.011806
2021-10-19,430911.547110,0.015080
2021-10-20,432359.777434,0.003361
2021-10-21,432997.096575,0.001474
2021-10-22,430708.751398,-0.005285
2021-10-25,430563.864978,-0.000336
2021-10-26,432533.731692,0.004575
2021-10-27,431172.297389,-0.003148
2021-10-28,441947.907956,0.024991
2021-10-29,433924.007449,-0.018156
2021-11-01,431490.866406,-0.005607
2021-11-02,434561.281313,0.007116
2021-11-03,438819.447927,0.009799
2021-11-04,437284.240473,-0.003498
2021-11-05,438850.734338,0.003582
2021-11-08,436413.971135,-0.005553
2021-11-09,437487.307847,0.002459
2021-11-10,429103.636247,-0.019163
2021-11-11,428958.568719,-0.000338
2021-11-12,435108.589765,0.014337
2021-11-15,435137.521772,0.000066
2021-11-16,438038.374291,0.006667
2021-11-17,445261.777327,0.016490
2021-11-18,457967.682504,0.028536
2021-11-19,465742.287815,0.016976
2021-11-22,467105.669030,0.002927
2021-11-23,468237.005587,0.002422
2021-11-24,469774.567445,0.003284
2021-11-26,454892.830451,-0.031678
2021-11-29,464842.905361,0.021873
2021-11-30,479521.665536,0.031578
2021-12-01,477984.058401,-0.003207
2021-12-02,475054.183322,-0.006130
2021-12-03,469484.432388,-0.011724
2021-12-06,479579.710658,0.021503
2021-12-07,496579.007961,0.035446
2021-12-08,507892.554641,0.022783
2021-12-09,506384.060621,-0.002970
2021-12-10,520569.527812,0.028013
2021-12-13,509807.138130,-0.020674
2021-12-14,505716.903933,-0.008023
2021-12-15,520134.506335,0.028509
2021-12-16,499711.905137,-0.039264
2021-12-17,496462.872440,-0.006502
2021-12-20,492430.592811,-0.008122
2021-12-21,501829.556000,0.019087
2021-12-22,509517.048351,0.015319
2021-12-23,511373.631995,0.003644
2021-12-27,523122.335982,0.022975
2021-12-28,520105.393220,-0.005767
2021-12-29,520366.505715,0.000502
2021-12-30,516943.428206,-0.006578
2021-12-31,515115.776568,-0.003535
2022-01-03,527995.862390,0.025004
2022-01-04,521294.774899,-0.012692
2022-01-05,507428.465326,-0.026600
2022-01-06,498957.771320,-0.016693
2022-01-07,499450.883196,0.000988
2022-01-10,499508.883041,0.000116
2022-01-11,507892.554641,0.016784
2022-01-12,509198.026564,0.002570
2022-01-13,499508.883041,-0.019028
2022-01-14,502061.691212,0.005111
2022-01-18,492575.660339,-0.018894
2022-01-19,482219.405404,-0.021025
2022-01-20,477229.834030,-0.010347
2022-01-21,471137.812828,-0.012765
2022-01-24,468846.162430,-0.004864
2022-01-25,463508.591985,-0.011384
2022-01-26,463247.388935,-0.000564
2022-01-27,461884.007721,-0.002943
2022-01-28,494113.222197,0.069778
2022-01-31,507022.240025,0.026126
2022-02-01,506529.218703,-0.000972
2022-02-02,510097.227910,0.007044
2022-02-03,501568.488782,-0.016720
2022-02-04,500726.381741,-0.001679
2022-02-07,498605.787873,-0.004235
2022-02-08,507813.455711,0.018467
2022-02-09,512025.258670,0.008294
2022-02-10,499942.048160,-0.023599
2022-02-11,489833.956498,-0.020219
2022-02-14,490530.950733,0.001423
2022-02-15,501888.008615,0.023153
2022-02-16,501190.969103,-0.001389
2022-02-17,490530.950733,-0.021269
2022-02-18,485941.718649,-0.009356
2022-02-22,477286.022795,-0.017812
2022-02-23,464941.382850,-0.025864
2022-02-24,472696.609602,0.016680
2022-02-25,478825.441010,0.012966
2022-02-28,479609.684036,0.001638
2022-03-01,474032.824613,-0.011628
2022-03-02,483792.238050,0.020588
2022-03-03,482833.723826,-0.001981
2022-03-04,473945.666376,-0.018408
2022-03-07,462704.834569,-0.023718
2022-03-08,457302.291619,-0.011676
2022-03-09,473306.626708,0.034997
2022-03-10,460439.173172,-0.027186
2022-03-11,449430.702961,-0.023909
2022-03-14,437492.786365,-0.026562
2022-03-15,450476.420699,0.029677
2022-03-16,463547.167994,0.029015
2022-03-17,466538.936742,0.006454
2022-03-18,476298.350179,0.020919
2022-03-21,480364.813948,0.008538
2022-03-22,490356.860644,0.020801
2022-03-23,494394.120744,0.008233
2022-03-24,505605.975267,0.022678
2022-03-25,507493.981154,0.003734
2022-03-28,510050.094546,0.005037
2022-03-29,519809.553260,0.019134
2022-03-30,516353.016043,-0.006650
2022-03-31,507174.461320,-0.017776
2022-04-01,506303.105334,-0.001718
2022-04-04,518299.112329,0.023693
2022-04-05,508481.563216,-0.018942
2022-04-06,499099.578904,-0.018451
2022-04-07,500000.048006,0.001804
2022-04-08,494045.578349,-0.011909
2022-04-11,481439.644801,-0.025516
2022-04-12,486987.436387,0.011523
2022-04-13,494946.047451,0.016343
2022-04-14,480103.429790,-0.029988
2022-04-18,479464.390123,-0.001331
2022-04-19,486232.170644,0.014115
2022-04-20,485738.515444,-0.001015
2022-04-21,483385.695810,-0.004844
2022-04-22,469937.338283,-0.027821
2022-04-25,473103.423504,0.006737
2022-04-26,455443.353571,-0.037328
2022-04-27,454775.246065,-0.001467
2022-04-28,475310.813394,0.045155
2022-04-29,457912.218172,-0.036605
2022-05-02,458812.641997,0.001966
2022-05-03,463227.693438,0.009623
2022-05-04,482223.797274,0.041008
2022-05-05,455356.150056,-0.055716
2022-05-06,457508.664214,0.004727
2022-05-09,442324.295710,-0.033189
2022-05-10,449451.077614,0.016112
2022-05-11,426151.032110,-0.051841
2022-05-12,414689.882390,-0.026895
2022-05-13,427925.392711,0.031917
2022-05-16,423358.391637,-0.010672
2022-05-17,434121.279365,0.025423
2022-05-18,409628.592238,-0.056419
2022-05-19,399534.898663,-0.024641
2022-05-20,400232.888993,0.001747
2022-05-23,416289.971794,0.040119
2022-05-24,408290.566147,-0.019216
2022-05-25,408755.923218,0.001140
2022-05-26,418238.965808,0.023200
2022-05-27,435284.853151,0.040756
2022-05-31,432957.841411,-0.005346
2022-06-01,432579.687854,-0.000873
2022-06-02,439851.944779,0.016811
2022-06-03,422893.125120,-0.038556
2022-06-06,422893.125120,0.000000
2022-06-07,422893.125120,0.000000
2022-06-08,422893.125120,0.000000
2022-06-09,422893.125120,0.000000
2022-06-10,422893.125120,0.000000
2022-06-13,422893.125120,0.000000
2022-06-14,422893.125120,0.000000
2022-06-15,422893.125120,0.000000
2022-06-16,422893.125120,0.000000
2022-06-17,422893.125120,0.000000
2022-06-21,422893.125120,0.000000
2022-06-22,422893.125120,0.000000
2022-06-23,422893.125120,0.000000
2022-06-24,422893.125120,0.000000
2022-06-27,422893.125120,0.000000
2022-06-28,422893.125120,0.000000
2022-06-29,422893.125120,0.000000
2022-06-30,422893.125120,0.000000
2022-07-01,422893.125120,0.000000
2022-07-05,422893.125120,0.000000
2022-07-06,422893.125120,0.000000
2022-07-07,422893.125120,0.000000
2022-07-08,422893.125120,0.000000
2022-07-11,422893.125120,0.000000
2022-07-12,422893.125120,0.000000
2022-07-13,422893.125120,0.000000
2022-07-14,422893.125120,0.000000
2022-07-15,422893.125120,0.000000
2022-07-18,422893.125120,0.000000
2022-07-19,422893.125120,0.000000
2022-07-20,422893.125120,0.000000
2022-07-21,422893.125120,0.000000
2022-07-22,422893.125120,0.000000
2022-07-25,422893.125120,0.000000
2022-07-26,422893.125120,0.000000
2022-07-27,422893.125120,0.000000
2022-07-28,422893.125120,0.000000
2022-07-29,422893.125120,0.000000
2022-08-01,422893.125120,0.000000
2022-08-02,422893.125120,0.000000
2022-08-03,422893.125120,0.000000
2022-08-04,422893.125120,0.000000
2022-08-05,422893.125120,0.000000
2022-08-08,422893.125120,0.000000
2022-08-09,422893.125120,0.000000
2022-08-10,422893.125120,0.000000
2022-08-11,422893.125120,0.000000
2022-08-12,422893.125120,0.000000
2022-08-15,422893.125120,0.000000
2022-08-16,422893.125120,0.000000
2022-08-17,422893.125120,0.000000
2022-08-18,422893.125120,0.000000
2022-08-19,422893.125120,0.000000
2022-08-22,422893.125120,0.000000
2022-08-23,422893.125120,0.000000
2022-08-24,422893.125120,0.000000
2022-08-25,422893.125120,0.000000
2022-08-26,422893.125120,0.000000
2022-08-29,422893.125120,0.000000
2022-08-30,422893.125120,0.000000
2022-08-31,422893.125120,0.000000
2022-09-01,422893.125120,0.000000
2022-09-02,422893.125120,0.000000
2022-09-06,422893.125120,0.000000
2022-09-07,422893.125120,0.000000
2022-09-08,422893.125120,0.000000
2022-09-09,422893.125120,0.000000
2022-09-12,422893.125120,0.000000
2022-09-13,422893.125120,0.000000
2022-09-14,422893.125120,0.000000
2022-09-15,422893.125120,0.000000
2022-09-16,422893.125120,0.000000
2022-09-19,422893.125120,0.000000
2022-09-20,422893.125120,0.000000
2022-09-21,422893.125120,0.000000
2022-09-22,422893.125120,0.000000
2022-09-23,422893.125120,0.000000
2022-09-26,422893.125120,0.000000
2022-09-27,425669.956783,0.006566
2022-09-28,420284.537402,-0.012652
2022-09-29,399640.538768,-0.049119
2022-09-30,387635.664016,-0.030039
2022-10-03,399556.482192,0.030753
2022-10-04,409794.337737,0.025623
2022-10-05,410635.688259,0.002053
2022-10-06,407914.923378,-0.006626
2022-10-07,392936.896028,-0.036719
2022-10-10,392936.896028,0.000000
2022-10-11,392936.896028,0.000000
2022-10-12,392936.896028,0.000000
2022-10-13,392936.896028,0.000000
2022-10-14,392936.896028,0.000000
2022-10-17,392936.896028,0.000000
2022-10-18,392936.896028,0.000000
2022-10-19,392936.896028,0.000000
2022-10-20,392936.896028,0.000000
2022-10-21,392936.896028,0.000000
2022-10-24,392936.896028,0.000000
2022-10-25,392936.896028,0.000000
2022-10-26,392936.896028,0.000000
2022-10-27,392936.896028,0.000000
2022-10-28,392936.896028,0.000000
2022-10-31,392936.896028,0.000000
2022-11-01,392936.896028,0.000000
2022-11-02,392936.896028,0.000000
2022-11-03,392936.896028,0.000000
2022-11-04,392936.896028,0.000000
2022-11-07,392936.896028,0.000000
2022-11-08,392936.896028,0.000000
2022-11-09,392936.896028,0.000000
2022-11-10,392936.896028,0.000000
2022-11-11,392936.896028,0.000000
2022-11-14,392936.896028,0.000000
2022-11-15,392936.896028,0.000000
2022-11-16,392936.896028,0.000000
2022-11-17,392936.896028,0.000000
2022-11-18,392936.896028,0.000000
2022-11-21,392936.896028,0.000000
2022-11-22,392936.896028,0.000000
2022-11-23,392936.896028,0.000000
2022-11-25,392936.896028,0.000000
2022-11-28,392936.896028,0.000000
2022-11-29,392936.896028,0.000000
2022-11-30,392936.896028,0.000000
2022-12-01,392936.896028,0.000000
2022-12-02,392936.896028,0.000000
2022-12-05,392936.896028,0.000000
2022-12-06,392936.896028,0.000000
2022-12-07,392936.896028,0.000000
2022-12-08,392936.896028,0.000000
2022-12-09,392936.896028,0.000000
2022-12-12,392936.896028,0.000000
2022-12-13,392936.896028,0.000000
2022-12-14,392936.896028,0.000000
2022-12-15,392936.896028,0.000000
2022-12-16,392936.896028,0.000000
2022-12-19,392936.896028,0.000000
2022-12-20,392936.896028,0.000000
2022-12-21,392936.896028,0.000000
2022-12-22,392936.896028,0.000000
2022-12-23,392936.896028,0.000000
2022-12-27,392936.896028,0.000000
2022-12-28,392936.896028,0.000000
2022-12-29,392936.896028,0.000000
2022-12-30,392936.896028,0.000000
2023-01-03,392936.896028,0.000000
2023-01-04,392936.896028,0.000000
2023-01-05,392936.896028,0.000000
2023-01-06,392936.896028,0.000000
2023-01-09,392936.896028,0.000000
2023-01-10,392936.896028,0.000000
2023-01-11,392936.896028,0.000000
2023-01-12,392936.896028,0.000000
2023-01-13,392936.896028,0.000000
2023-01-17,392936.896028,0.000000
2023-01-18,392936.896028,0.000000
2023-01-19,392936.896028,0.000000
2023-01-20,392936.896028,0.000000
2023-01-23,392936.896028,0.000000
2023-01-24,392936.896028,0.000000
2023-01-25,392936.896028,0.000000
2023-01-26,392936.896028,0.000000
2023-01-27,392936.896028,0.000000
2023-01-30,392936.896028,0.000000
2023-01-31,392936.896028,0.000000
2023-02-01,392936.896028,0.000000
2023-02-02,392936.896028,0.000000
2023-02-03,392936.896028,0.000000
2023-02-06,392936.896028,0.000000
2023-02-07,392936.896028,0.000000
2023-02-08,392936.896028,0.000000
2023-02-09,392936.896028,0.000000
2023-02-10,392936.896028,0.000000
2023-02-13,392936.896028,0.000000
2023-02-14,392936.896028,0.000000
2023-02-15,392936.896028,0.000000
2023-02-16,392936.896028,0.000000
2023-02-17,392936.896028,0.000000
2023-02-21,392936.896028,0.000000
2023-02-22,392936.896028,0.000000
2023-02-23,392936.896028,0.000000
2023-02-24,392936.896028,0.000000
2023-02-27,392936.896028,0.000000
2023-02-28,392936.896028,0.000000
2023-03-01,392936.896028,0.000000
2023-03-02,392936.896028,0.000000
2023-03-03,392936.896028,0.000000
2023-03-06,392936.896028,0.000000
2023-03-07,392936.896028,0.000000
2023-03-08,392936.896028,0.000000
2023-03-09,392936.896028,0.000000
2023-03-10,392936.896028,0.000000
2023-03-13,392936.896028,0.000000
2023-03-14,392936.896028,0.000000
2023-03-15,392936.896028,0.000000
2023-03-16,392936.896028,0.000000
2023-03-17,392936.896028,0.000000
2023-03-20,392936.896028,0.000000
2023-03-21,392936.896028,0.000000
2023-03-22,392936.896028,0.000000
2023-03-23,395675.528465,0.006970
2023-03-24,398961.879675,0.008306
2023-03-27,394057.252675,-0.012293
2023-03-28,392488.815088,-0.003980
2023-03-29,400256.438588,0.019791
2023-03-30,404214.949783,0.009890
2023-03-31,410538.576908,0.015644
2023-04-03,413700.486906,0.007702
2023-04-04,412356.012641,-0.003250
2023-04-05,407700.383786,-0.011290
2023-04-06,409941.019931,0.005496
2023-04-10,403393.352336,-0.015972
2023-04-11,400331.157319,-0.007591
2023-04-12,398588.401743,-0.004353
2023-04-13,412181.694651,0.034104
2023-04-14,411310.413299,-0.002114
2023-04-17,411360.097205,0.000121
2023-04-18,414447.288473,0.007505
2023-04-19,417335.242649,0.006968
2023-04-20,414895.446561,-0.005846
2023-04-21,410837.336109,-0.009781
2023-04-24,411609.133926,0.001879
2023-04-25,407725.380037,-0.009436
2023-04-26,407700.383786,-0.000061
2023-04-27,419277.158168,0.028395
2023-04-28,422438.952443,0.007541
2023-05-01,422214.911973,-0.000530
2023-05-02,419600.720747,-0.006192
2023-05-03,416887.123135,-0.006467
2023-05-04,412754.293951,-0.009914
2023-05-05,432123.572360,0.046927
2023-05-08,431949.254371,-0.000403
2023-05-09,427642.261496,-0.009971
2023-05-10,432098.691833,0.010421
2023-05-11,432571.730449,0.001095
2023-05-12,430228.254791,-0.005418
2023-05-15,428981.836805,-0.002897
2023-05-16,428981.836805,0.000000
2023-05-17,430527.399736,0.003603
2023-05-18,436411.085133,0.013666
2023-05-19,436685.310977,0.000628
2023-05-22,434291.997115,-0.005481
2023-05-23,427710.229696,-0.015155
2023-05-24,428408.273143,0.001632
2023-05-25,431275.397111,0.006693
2023-05-26,437358.358173,0.014105
2023-05-30,442020.467537,0.010660
2023-05-31,441895.794879,-0.000282
2023-06-01,448976.021483,0.016022
2023-06-02,451120.105753,0.004775
2023-06-05,447704.684396,-0.007571
2023-06-06,446782.176159,-0.002061
2023-06-07,443316.800876,-0.007756
2023-06-08,450172.794138,0.015465
2023-06-09,451145.140578,0.002160
2023-06-12,458200.448080,0.015639
2023-06-13,457003.714000,-0.002612
2023-06-14,458599.308008,0.003491
2023-06-15,463734.996030,0.011199
2023-06-16,461017.656695,-0.005860
2023-06-20,461241.928612,0.000486
2023-06-21,458624.227110,-0.005675
2023-06-22,466203.105772,0.016525
2023-06-23,465405.424492,-0.001711
2023-06-26,461890.211004,-0.007553
2023-06-27,468845.726376,0.015059
2023-06-28,471812.526751,0.006328
2023-06-29,472660.200533,0.001797
2023-06-30,483579.897544,0.023103
2023-07-03,479815.377315,-0.007785
2023-07-05,476998.168700,-0.005871
2023-07-06,478194.748482,0.002509
2023-07-07,475377.617017,-0.005891
2023-07-10,470217.009892,-0.010856
2023-07-11,468895.680303,-0.002810
2023-07-12,473108.937238,0.008985
2023-07-13,475028.595293,0.004058
2023-07-14,475402.690416,0.000788
2023-07-17,483629.658599,0.017305
2023-07-18,482981.530504,-0.001340
2023-07-19,486396.990436,0.007072
2023-07-20,481485.535755,-0.010098
2023-07-21,478518.889679,-0.006161
2023-07-24,480538.262715,0.004220
2023-07-25,482707.227512,0.004514
2023-07-26,484901.111410,0.004545
2023-07-27,481710.039119,-0.006581
2023-07-28,488216.894934,0.013508
2023-07-31,489762.573589,0.003166
2023-08-01,487668.481821,-0.004276
2023-08-02,480114.445112,-0.015490
2023-08-03,476599.270198,-0.007322
2023-08-04,453712.888153,-0.048020
2023-08-07,445884.702748,-0.017254
2023-08-08,448253.097509,0.005312
2023-08-09,444239.309112,-0.008954
2023-08-10,443690.780276,-0.001235
2023-08-11,443840.603482,0.000338
2023-08-14,448009.654085,0.009393
2023-08-15,442991.849616,-0.011200
2023-08-16,440794.918335,-0.004959
2023-08-17,434379.136822,-0.014555
2023-08-18,435602.410131,0.002816
2023-08-21,438972.545071,0.007737
2023-08-22,442442.587865,0.007905
2023-08-23,452153.669862,0.021949
2023-08-24,440320.606762,-0.026170
2023-08-25,445887.595833,0.012643
2023-08-28,449831.988774,0.008846
2023-08-29,459642.940052,0.021810
2023-08-30,468455.391405,0.019172
2023-08-31,469004.576007,0.001172
2023-09-01,472973.926624,0.008463
2023-09-05,473573.065154,0.001267
2023-09-06,456622.328304,-0.035793
2023-09-07,443266.345480,-0.029250
2023-09-08,444814.145731,0.003492
2023-09-11,447760.000173,0.006623
2023-09-12,440120.945351,-0.017061
2023-09-13,434903.363748,-0.011855
2023-09-14,438722.929733,0.008783
2023-09-15,436900.479320,-0.004154
2023-09-18,444289.918805,0.016913
2023-09-19,447036.073262,0.006181
2023-09-20,438098.833528,-0.019992
2023-09-21,434204.394513,-0.008889
2023-09-22,436351.256144,0.004944
2023-09-25,439571.722174,0.007380
2023-09-26,429286.420749,-0.023398
2023-09-27,425466.777615,-0.008898
2023-09-28,426115.908646,0.001526
2023-09-29,427414.054984,0.003046
2023-10-02,433755.002042,0.014836
2023-10-03,430384.751379,-0.007770
2023-10-04,433530.344381,0.007309
2023-10-05,436650.902557,0.007198
2023-10-06,443091.680321,0.014750
2023-10-09,446836.334703,0.008451
2023-10-10,445338.372656,-0.003352
2023-10-11,448858.446526,0.007904
2023-10-12,451130.135112,0.005061
2023-10-13,446486.850086,-0.010293
2023-10-16,446162.323145,-0.000727
2023-10-17,442242.926454,-0.008785
2023-10-18,438972.545071,-0.007395
2023-10-19,438023.883350,-0.002161
2023-10-20,431583.144161,-0.014704
2023-10-23,431882.674851,0.000694
2023-10-24,432981.082630,0.002543
2023-10-25,427139.443396,-0.013492
2023-10-26,416629.445735,-0.024606
2023-10-27,419949.703896,0.007969
2023-10-30,425117.292998,0.012305
2023-10-31,426315.608631,0.002819
2023-11-01,434304.225219,0.018739
2023-11-02,443291.418880,0.020693
2023-11-03,440994.695469,-0.005181
2023-11-06,447435.473232,0.014605
2023-11-07,453901.247246,0.014451
2023-11-08,456572.374377,0.005885
2023-11-09,455374.058744,-0.002625
2023-11-10,465947.897138,0.023220
2023-11-13,461948.381292,-0.008584
2023-11-14,468547.584367,0.014286
2023-11-15,469972.447809,0.003041
2023-11-16,474222.041887,0.009042
2023-11-17,474172.010811,-0.000106
2023-11-20,478571.466669,0.009278
2023-11-21,476546.770357,-0.004231
2023-11-22,478221.557733,0.003514
2023-11-24,474871.905832,-0.007004
2023-11-27,474422.011893,-0.000947
2023-11-28,475946.706041,0.003214
2023-11-29,473372.092212,-0.005409
2023-11-30,474821.913331,0.003063
2023-12-01,478046.583977,0.006791
2023-12-04,473521.992567,-0.009465
2023-12-05,483495.959517,0.021063
2023-12-06,480746.294784,-0.005687
2023-12-07,485620.679407,0.010139
2023-12-08,489220.293815,0.007412
2023-12-11,482896.010924,-0.012927
2023-12-12,486720.591589,0.007920
2023-12-13,494844.720259,0.016692
2023-12-14,495219.625446,0.000758
2023-12-15,493869.827905,-0.002726
2023-12-18,489670.226329,-0.008503
2023-12-19,492294.986957,0.005360
2023-12-20,487020.546599,-0.010714
2023-12-21,486645.525688,-0.000770
2023-12-22,483945.930605,-0.005547
2023-12-26,482571.021090,-0.002841
2023-12-27,482821.022172,0.000518
2023-12-28,483895.938104,0.002226
2023-12-29,481271.216050,-0.005424
2024-01-02,464048.182079,-0.035787
2024-01-03,460573.548925,-0.007488
2024-01-04,454724.194798,-0.012700
2024-01-05,452899.352769,-0.004013
2024-01-08,463848.134924,0.024175
2024-01-09,462798.292392,-0.002263
2024-01-10,465423.014446,0.005671
2024-01-11,463923.123677,-0.003223
2024-01-12,464748.038526,0.001778
2024-01-16,459023.704228,-0.012317
2024-01-17,456649.021831,-0.005173
2024-01-18,471522.331080,0.032571
2024-01-19,478846.425427,0.015533
2024-01-22,484670.821878,0.012163
2024-01-23,487895.453950,0.006653
2024-01-24,486195.631749,-0.003484
2024-01-25,485370.794048,-0.001697
2024-01-26,480996.218717,-0.009013
2024-01-29,479271.361691,-0.003586
2024-01-30,470047.475136,-0.019246
2024-01-31,460948.376963,-0.019358
2024-02-01,467097.840396,0.013341
2024-02-02,464573.064771,-0.005405
2024-02-05,469147.532959,0.009847
2024-02-06,473197.195605,0.008632
2024-02-07,473472.115789,0.000581
2024-02-08,470747.408732,-0.005755
2024-02-09,472674.588807,0.004094
2024-02-12,468419.594305,-0.009002
2024-02-13,463138.480564,-0.011274
2024-02-14,460910.921161,-0.004810
2024-02-15,460185.065528,-0.001575
2024-02-16,456305.593404,-0.008430
2024-02-20,454428.328682,-0.004114
2024-02-21,456330.628229,0.004186
2024-02-22,461461.494444,0.011244
2024-02-23,456831.209011,-0.010034
2024-02-26,453427.321418,-0.007451
2024-02-27,457106.553514,0.008114
2024-02-28,454077.995427,-0.006625
2024-02-29,452401.086455,-0.003693
2024-03-01,449672.869122,-0.006031
2024-03-04,438259.573307,-0.025381
2024-03-05,425795.084853,-0.028441
2024-03-06,423292.219522,-0.005878
2024-03-07,422991.878768,-0.000710
2024-03-08,427321.862022,0.010237
2024-03-11,432377.739484,0.011832
2024-03-12,433579.179649,0.002779
2024-03-13,428323.023584,-0.012123
2024-03-14,433003.455817,0.010927
2024-03-15,433003.455817,0.000000
2024-03-18,433003.455817,0.000000
2024-03-19,433003.455817,0.000000
2024-03-20,433003.455817,0.000000
2024-03-21,433003.455817,0.000000
2024-03-22,433003.455817,0.000000
2024-03-25,433003.455817,0.000000
2024-03-26,433003.455817,0.000000
2024-03-27,433003.455817,0.000000
2024-03-28,433003.455817,0.000000
2024-04-01,433003.455817,0.000000
2024-04-02,433003.455817,0.000000
2024-04-03,433003.455817,0.000000
2024-04-04,433003.455817,0.000000
2024-04-05,433003.455817,0.000000
2024-04-08,433003.455817,0.000000
2024-04-09,433003.455817,0.000000
2024-04-10,433003.455817,0.000000
2024-04-11,433003.455817,0.000000
2024-04-12,433003.455817,0.000000
2024-04-15,433003.455817,0.000000
2024-04-16,433003.455817,0.000000
2024-04-17,433003.455817,0.000000
2024-04-18,433003.455817,0.000000
2024-04-19,433003.455817,0.000000
2024-04-22,433003.455817,0.000000
2024-04-23,433003.455817,0.000000
2024-04-24,433003.455817,0.000000
2024-04-25,433003.455817,0.000000
2024-04-26,433003.455817,0.000000
2024-04-29,433003.455817,0.000000
2024-04-30,433003.455817,0.000000
2024-05-01,433003.455817,0.000000
2024-05-02,433003.455817,0.000000
2024-05-03,433003.455817,0.000000
2024-05-06,433003.455817,0.000000
2024-05-07,433003.455817,0.000000
2024-05-08,433003.455817,0.000000
2024-05-09,433003.455817,0.000000
2024-05-10,433003.455817,0.000000
2024-05-13,433003.455817,0.000000
2024-05-14,433003.455817,0.000000
2024-05-15,433003.455817,0.000000
2024-05-16,433003.455817,0.000000
2024-05-17,433003.455817,0.000000
2024-05-20,433003.455817,0.000000
2024-05-21,433003.455817,0.000000
2024-05-22,433003.455817,0.000000
2024-05-23,433003.455817,0.000000
2024-05-24,433003.455817,0.000000
2024-05-28,433003.455817,0.000000
2024-05-29,433003.455817,0.000000
2024-05-30,433003.455817,0.000000
2024-05-31,433003.455817,0.000000
2024-06-03,433003.455817,0.000000
2024-06-04,433003.455817,0.000000
2024-06-05,433003.455817,0.000000
2024-06-06,433003.455817,0.000000
2024-06-07,433003.455817,0.000000
2024-06-10,433003.455817,0.000000
2024-06-11,433003.455817,0.000000
2024-06-12,433003.455817,0.000000
2024-06-13,433003.455817,0.000000
2024-06-14,429466.507871,-0.008168
2024-06-17,437914.799963,0.019672
2024-06-18,433104.522138,-0.010985
2024-06-20,423787.165451,-0.021513
2024-06-21,419360.964531,-0.010444
2024-06-24,420674.640061,0.003133
2024-06-25,422554.336757,0.004468
2024-06-26,431002.535528,0.019993
2024-06-27,432720.507447,0.003986
2024-06-28,425687.019420,-0.016254
2024-07-01,438076.493633,0.029105
2024-07-02,445190.797389,0.016240
2024-07-03,447777.833904,0.005811
2024-07-05,457458.923582,0.021620
2024-07-08,460450.256487,0.006539
2024-07-09,462188.323464,0.003775
2024-07-10,470879.156061,0.018804
2024-07-11,459944.987097,-0.023221
2024-07-12,465947.592431,0.013051
2024-07-15,473749.109840,0.016743
2024-07-16,474598.017163,0.001792
2024-07-17,462592.619855,-0.025296
2024-07-18,453093.318905,-0.020535
2024-07-19,453356.110003,0.000580
2024-07-22,452648.707971,-0.001560
2024-07-23,454770.914067,0.004688
2024-07-24,441694.288414,-0.028754
2024-07-25,439572.113425,-0.004805
2024-07-26,440522.024856,0.002161
2024-07-29,441087.921596,0.001285
2024-07-30,442219.746183,0.002566
2024-07-31,448849.000034,0.014991
2024-08-01,441330.493209,-0.016751
2024-08-02,444362.140658,0.006869
2024-08-05,422958.570934,-0.048167
2024-08-06,418835.444549,-0.009748
2024-08-07,424070.176035,0.012498
2024-08-08,431123.852441,0.016633
2024-08-09,437045.704260,0.013736
2024-08-12,440161.775838,0.007130
2024-08-13,447729.587101,0.017193
2024-08-14,448640.117195,0.002034
2024-08-15,454710.473359,0.013531
2024-08-16,457401.655778,0.005918
2024-08-19,457077.926261,-0.000708
2024-08-20,458332.467571,0.002745
2024-08-21,458109.866589,-0.000486
2024-08-22,454325.992064,-0.008260
2024-08-23,459000.177198,0.010288
2024-08-26,459688.168524,0.001499
2024-08-27,461408.100178,0.003742
2024-08-28,458291.997493,-0.006753
2024-08-29,464969.373720,0.014570
2024-08-30,463370.852300,-0.003438
2024-09-03,450764.718522,-0.027205
2024-09-04,446879.746570,-0.008619
2024-09-05,449975.629769,0.006928
2024-09-06,446818.994792,-0.007015
2024-09-09,447001.125697,0.000408
2024-09-10,445382.322577,-0.003621
2024-09-11,450542.148647,0.011585
2024-09-12,450764.718522,0.000494
2024-09-13,450218.388023,-0.001212
2024-09-16,437713.476100,-0.027775
2024-09-17,438664.445166,0.002173
2024-09-18,446555.985946,0.017990
2024-09-19,463107.812346,0.037066
2024-09-20,461752.080287,-0.002927
2024-09-23,458251.496308,-0.007581
2024-09-24,460072.587604,0.003974
2024-09-25,458049.145919,-0.004398
2024-09-26,460376.128742,0.005080
2024-09-27,460922.459242,0.001187
2024-09-30,471464.650149,0.022872
2024-10-01,457725.447508,-0.029142
2024-10-02,458878.766964,0.002520
2024-10-03,456632.724296,-0.004895
2024-10-04,458919.237042,0.005007
2024-10-07,448579.396525,-0.022531
2024-10-08,456835.074686,0.018404
2024-10-09,464463.513299,0.016698
2024-10-10,463451.730242,-0.002178
2024-10-11,460436.818306,-0.006505
2024-10-14,468024.817948,0.016480
2024-10-15,473184.581803,0.011025
2024-10-16,468996.037606,-0.008852
2024-10-17,469744.687388,0.001596
2024-10-18,475511.502413,0.012276
2024-10-21,478506.257077,0.006298
2024-10-22,477251.746874,-0.002622
2024-10-23,466932.094735,-0.021623
2024-10-24,466547.675655,-0.000823
2024-10-25,468247.387823,0.003643
2024-10-28,472273.989495,0.008599
2024-10-29,472820.382208,0.001157
2024-10-30,465596.644375,-0.015278
2024-10-31,457118.396339,-0.018209
2024-11-01,451048.009068,-0.013280
2024-11-04,449226.855559,-0.004038
2024-11-05,452140.701174,0.006486
2024-11-06,450663.527774,-0.003267
2024-11-07,460295.219693,0.021372
2024-11-08,459748.235949,-0.001188
2024-11-11,454218.144439,-0.012029
2024-11-12,454218.144439,0.000000
2024-11-13,456020.975984,0.003969
2024-11-14,462300.588270,0.013770
2024-11-15,455777.906661,-0.014109
2024-11-18,461895.483100,0.013422
2024-11-19,462422.154038,0.001140
2024-11-20,463880.663298,0.003154
2024-11-21,462908.354898,-0.002096
2024-11-22,465642.993658,0.005908
2024-11-25,471720.006698,0.013051
2024-11-26,476156.286254,0.009404
2024-11-27,475892.873018,-0.000553
2024-11-29,480754.539442,0.010216
2024-12-02,485332.573145,0.009523
2024-12-03,491531.151954,0.012772
2024-12-04,492260.391030,0.001484
2024-12-05,492321.173915,0.000123
2024-12-06,491916.037638,-0.000823
2024-12-09,499836.507836,0.016101
2024-12-10,501902.628190,0.004134
2024-12-11,499309.743577,-0.005166
2024-12-12,502287.513874,0.005964
2024-12-13,502631.929480,0.000686
2024-12-16,508526.656081,0.011728
2024-12-17,513469.262662,0.009719
2024-12-18,502469.862526,-0.021422
2024-12-19,505994.523246,0.007015
2024-12-20,515515.256851,0.018816
2024-12-23,517095.238558,0.003065
2024-12-24,523030.559665,0.011478
2024-12-26,524691.481528,0.003176
2024-12-27,517743.475264,-0.013242
2024-12-30,510876.378050,-0.013264
2024-12-31,507270.714960,-0.007058
