Date,Equity,DailyReturn
2015-01-02,100000.000000,0.000000
2015-01-05,97182.844193,-0.028172
2015-01-06,97192.013303,0.000094
2015-01-07,98554.828439,0.014022
2015-01-08,102341.513157,0.038422
2015-01-09,102451.298072,0.001073
2015-01-12,99926.859989,-0.024640
2015-01-13,100814.048243,0.008878
2015-01-14,100429.883824,-0.003811
2015-01-15,97704.198364,-0.027140
2015-01-16,96945.022868,-0.007770
2015-01-20,99442.056113,0.025757
2015-01-21,100201.239493,0.007634
2015-01-22,102808.010349,0.026015
2015-01-23,103338.517862,0.005160
2015-01-26,103448.287008,0.001062
2015-01-27,99826.220532,-0.035013
2015-01-28,105469.669720,0.056533
2015-01-29,108753.306950,0.031133
2015-01-30,107161.815947,-0.014634
2015-02-02,108506.355936,0.012547
2015-02-03,108524.623199,0.000168
2015-02-04,109356.978126,0.007670
2015-02-05,110137.519304,0.007138
2015-02-06,109210.051615,-0.008421
2015-02-09,109935.522945,0.006643
2015-02-10,112047.532414,0.019211
2015-02-11,114673.768903,0.023439
2015-02-12,116124.664259,0.012652
2015-02-13,116693.984780,0.004903
2015-02-17,117382.700830,0.005902
2015-02-18,118199.965752,0.006962
2015-02-19,117951.974047,-0.002098
2015-02-20,118916.197016,0.008175
2015-02-23,122130.123782,0.027027
2015-02-24,121367.991780,-0.006240
2015-02-25,118264.244129,-0.025573
2015-02-26,119761.016571,0.012656
2015-02-27,117961.206229,-0.015028
2015-03-02,118539.687976,0.004904
2015-03-03,118787.648145,0.002092
2015-03-04,118034.677369,-0.006339
2015-03-05,116078.755637,-0.016571
2015-03-06,116253.197362,0.001503
2015-03-09,116749.070396,0.004265
2015-03-10,114334.038795,-0.020686
2015-03-11,112249.552424,-0.018232
2015-03-12,114278.929527,0.018079
2015-03-13,113489.203472,-0.006911
2015-03-16,114738.070933,0.011004
2015-03-17,116657.253152,0.016727
2015-03-18,117970.398991,0.011256
2015-03-19,117079.670814,-0.007550
2015-03-20,115610.437238,-0.012549
2015-03-23,116813.356657,0.010405
2015-03-24,116335.837612,-0.004088
2015-03-25,113296.376223,-0.026127
2015-03-26,114086.078626,0.006970
2015-03-27,113176.988577,-0.007968
2015-03-30,116041.992474,0.025314
2015-03-31,114260.559771,-0.015352
2015-04-01,114095.279272,-0.001447
2015-04-02,115077.832577,0.008612
2015-04-06,116941.897645,0.016198
2015-04-07,115711.447243,-0.010522
2015-04-08,115334.946088,-0.003254
2015-04-09,116216.489387,0.007643
2015-04-10,116712.354536,0.004267
2015-04-13,116482.764123,-0.001967
2015-04-14,115977.745632,-0.004336
2015-04-15,116418.493630,0.003800
2015-04-16,115858.365871,-0.004811
2015-04-17,114554.404910,-0.011255
2015-04-20,117171.472289,0.022846
2015-04-21,116537.873391,-0.005407
2015-04-22,118108.116972,0.013474
2015-04-23,119072.324173,0.008164
2015-04-24,119632.475584,0.004704
2015-04-27,121808.779198,0.018192
2015-04-28,119889.612747,-0.015756
2015-04-29,118126.478844,-0.014706
2015-04-30,114921.713304,-0.027130
2015-05-01,118411.162757,0.030364
2015-05-04,118181.580228,-0.001939
2015-05-05,115518.604227,-0.022533
2015-05-06,114793.164432,-0.006280
2015-05-07,115503.175208,0.006185
2015-05-08,117679.376330,0.018841
2015-05-11,116480.643323,-0.010186
2015-05-12,116065.652404,-0.003563
2015-05-13,116194.776808,0.001113
2015-05-14,118905.766463,0.023331
2015-05-15,118739.784287,-0.001396
2015-05-18,120049.185219,0.011027
2015-05-19,119938.517294,-0.000922
2015-05-20,119929.316648,-0.000077
2015-05-21,121155.698897,0.010226
2015-05-22,122216.114738,0.008753
2015-05-26,119523.557911,-0.022031
2015-05-27,121755.025981,0.018670
2015-05-28,121515.320376,-0.001969
2015-05-29,120132.172365,-0.011382
2015-06-01,120371.862201,0.001995
2015-06-02,119837.136740,-0.004442
2015-06-03,119984.630900,0.001231
2015-06-04,119283.836539,-0.005841
2015-06-05,118629.124247,-0.005489
2015-06-08,117845.350623,-0.006607
2015-06-09,117494.961326,-0.002973
2015-06-10,118841.204261,0.011458
2015-06-11,118573.802111,-0.002250
2015-06-12,117264.424831,-0.011043
2015-06-15,117033.880452,-0.001966
2015-06-16,117660.927734,0.005358
2015-06-17,117384.285517,-0.002351
2015-06-18,117919.097703,0.004556
2015-06-19,116738.805408,-0.010009
2015-06-22,117670.144148,0.007978
2015-06-23,117135.331963,-0.004545
2015-06-24,118131.209253,0.008502
2015-06-25,117568.708406,-0.004762
2015-06-26,116877.114690,-0.005882
2015-06-29,114830.069509,-0.017515
2015-06-30,115659.925203,0.007227
2015-07-01,116738.805408,0.009328
2015-07-02,116591.287595,-0.001264
2015-07-06,116185.536742,-0.003480
2015-07-07,115899.685995,-0.002460
2015-07-08,113022.729932,-0.024823
2015-07-09,110717.435942,-0.020397
2015-07-10,113677.410688,0.026734
2015-07-13,115872.020985,0.019306
2015-07-14,115825.923147,-0.000398
2015-07-15,116941.645356,0.009633
2015-07-16,118500.031378,0.013326
2015-07-17,119523.557911,0.008637
2015-07-20,121782.777715,0.018902
2015-07-21,120565.580344,-0.009995
2015-07-22,115466.309552,-0.042295
2015-07-23,115410.995300,-0.000479
2015-07-24,114802.388731,-0.005273
2015-07-27,113207.129168,-0.013896
2015-07-28,113769.637900,0.004969
2015-07-29,113410.000653,-0.003161
2015-07-30,112838.291275,-0.005041
2015-07-31,111851.654051,-0.008744
2015-08-03,109214.411476,-0.023578
2015-08-04,105710.392362,-0.032084
2015-08-05,106411.178840,0.006629
2015-08-06,106642.756025,0.002176
2015-08-07,107004.009495,0.003388
2015-08-10,110894.400552,0.036357
2015-08-11,105123.679703,-0.052038
2015-08-12,106744.696344,0.015420
2015-08-13,106661.291345,-0.000781
2015-08-14,107411.605208,0.007035
2015-08-17,108523.133120,0.010348
2015-08-18,107911.775029,-0.005633
2015-08-19,106531.622943,-0.012790
2015-08-20,104345.590454,-0.020520
2015-08-21,97963.519399,-0.061163
2015-08-24,95518.134339,-0.024962
2015-08-25,96092.406022,0.006012
2015-08-26,101603.782183,0.057355
2015-08-27,104595.663539,0.029447
2015-08-28,104938.405341,0.003277
2015-08-31,104447.499238,-0.004678
2015-09-01,99779.034700,-0.044697
2015-09-02,104058.446729,0.042889
2015-09-03,102233.659826,-0.017536
2015-09-04,101214.761211,-0.009966
2015-09-08,104030.663459,0.027821
2015-09-09,102029.881680,-0.019233
2015-09-10,104271.480710,0.021970
2015-09-11,105790.588567,0.014569
2015-09-14,106809.510835,0.009632
2015-09-15,107708.012651,0.008412
2015-09-16,107828.401566,0.001118
2015-09-17,105521.964394,-0.021390
2015-09-18,105086.601179,-0.004126
2015-09-21,106716.857886,0.015513
2015-09-22,105040.306240,-0.015710
2015-09-23,105892.497350,0.008113
2015-09-24,106522.335573,0.005948
2015-09-25,106253.727168,-0.002522
2015-09-28,104151.076026,-0.019789
2015-09-29,101020.238898,-0.030061
2015-09-30,102168.821683,0.011370
2015-10-01,101501.928588,-0.006527
2015-10-02,102242.947196,0.007301
2015-10-05,102613.440733,0.003624
2015-10-06,103104.378372,0.004784
2015-10-07,102613.440733,-0.004762
2015-10-08,101427.787307,-0.011555
2015-10-09,103854.644931,0.023927
2015-10-12,103373.018313,-0.004638
2015-10-13,103548.989537,0.001702
2015-10-14,102085.487641,-0.014133
2015-10-15,103613.811912,0.014971
2015-10-16,102854.297403,-0.007330
2015-10-19,103493.407229,0.006214
2015-10-20,105383.040158,0.018258
2015-10-21,105373.760672,-0.000088
2015-10-22,106985.489943,0.015295
2015-10-23,110301.562013,0.030996
2015-10-26,106781.688144,-0.031911
2015-10-27,106105.523447,-0.006332
2015-10-28,110477.564773,0.041205
2015-10-29,111644.706530,0.010565
2015-10-30,110690.614521,-0.008546
2015-11-02,112246.761483,0.014059
2015-11-03,113534.307924,0.011471
2015-11-04,113006.331180,-0.004650
2015-11-05,112485.371209,-0.004610
2015-11-06,112615.615144,0.001158
2015-11-09,112159.800793,-0.004048
2015-11-10,108624.868455,-0.031517
2015-11-11,108010.892871,-0.005652
2015-11-12,107648.117786,-0.003359
2015-11-13,104503.862064,-0.029209
2015-11-16,106215.529114,0.016379
2015-11-17,105759.738415,-0.004291
2015-11-18,109108.592221,0.031665
2015-11-19,110494.633666,0.012703
2015-11-20,110978.436272,0.004379
2015-11-23,109536.512925,-0.012993
2015-11-24,110587.680816,0.009597
2015-11-25,109796.992910,-0.007150
2015-11-27,109592.315986,-0.001864
2015-11-30,110048.138221,0.004159
2015-12-01,109155.100028,-0.008115
2015-12-02,108169.061988,-0.009033
2015-12-03,107164.370368,-0.009288
2015-12-04,110727.227889,0.033247
2015-12-07,110029.531945,-0.006301
2015-12-08,109983.024138,-0.000423
2015-12-09,107555.094288,-0.022075
2015-12-10,108066.703816,0.004757
2015-12-11,105285.294135,-0.025738
2015-12-14,104634.105998,-0.006185
2015-12-15,102782.923412,-0.017692
2015-12-16,103573.634969,0.007693
2015-12-17,101378.275690,-0.021196
2015-12-18,98633.999722,-0.027070
2015-12-21,99843.344614,0.012261
2015-12-22,99750.305348,-0.000932
2015-12-23,101034.051693,0.012870
2015-12-24,100494.532751,-0.005340
2015-12-28,99368.900334,-0.011201
2015-12-29,101154.992490,0.017974
2015-12-30,99834.049360,-0.013059
2015-12-31,97917.721154,-0.019195
2016-01-04,98001.473049,0.000855
2016-01-05,95545.570713,-0.025060
2016-01-06,93675.821270,-0.019569
2016-01-07,89722.287134,-0.042204
2016-01-08,90196.715645,0.005288
2016-01-11,91657.174312,0.016192
2016-01-12,92987.428464,0.014513
2016-01-13,90596.679631,-0.025710
2016-01-14,92578.129804,0.021871
2016-01-15,90354.837458,-0.024015
2016-01-19,89917.621500,-0.004839
2016-01-20,90038.538644,0.001345
2016-01-21,89582.716409,-0.005063
2016-01-22,94345.568379,0.053167
2016-01-25,92503.696815,-0.019523
2016-01-26,93015.345763,0.005531
2016-01-27,86903.593944,-0.065707
2016-01-28,87526.872667,0.007172
2016-01-29,90550.179708,0.034541
2016-02-01,89703.649322,-0.009349
2016-02-02,87889.695056,-0.020222
2016-02-03,89629.271520,0.019793
2016-02-04,90349.405372,0.008035
2016-02-05,87936.336891,-0.026708
2016-02-08,88862.275081,0.010530
2016-02-09,88843.597848,-0.000210
2016-02-10,88170.184672,-0.007580
2016-02-11,87637.051782,-0.006047
2016-02-12,87908.277680,0.003095
2016-02-16,90386.846561,0.028195
2016-02-17,91771.066799,0.015314
2016-02-18,90031.403610,-0.018957
2016-02-19,89825.646576,-0.002285
2016-02-22,90611.272944,0.008746
2016-02-23,88562.997856,-0.022605
2016-02-24,89881.757114,0.014891
2016-02-25,90499.059752,0.006868
2016-02-26,90639.347923,0.001550
2016-02-29,90433.590888,-0.002270
2016-03-01,94025.106805,0.039714
2016-03-02,94230.887491,0.002189
2016-03-03,94932.328342,0.007444
2016-03-04,96344.662979,0.014877
2016-03-07,95278.428735,-0.011067
2016-03-08,94492.755063,-0.008246
2016-03-09,94576.940579,0.000891
2016-03-10,94623.708559,0.000494
2016-03-11,95643.174824,0.010774
2016-03-14,95886.373047,0.002543
2016-03-15,97813.045081,0.020093
2016-03-16,99113.103454,0.013291
2016-03-17,98954.122284,-0.001604
2016-03-18,99066.374895,0.001134
2016-03-21,99056.992917,-0.000095
2016-03-22,99814.599494,0.007648
2016-03-23,99262.757835,-0.005529
2016-03-24,98832.519230,-0.004334
2016-03-28,98383.587624,-0.004542
2016-03-29,100712.478473,0.023672
2016-03-30,102470.826778,0.017459
2016-03-31,101937.701772,-0.005203
2016-04-01,102873.014056,0.009175
2016-04-04,103929.905742,0.010274
2016-04-05,102704.658791,-0.011789
2016-04-06,103780.227709,0.010472
2016-04-07,101516.829377,-0.021810
2016-04-08,101629.050452,0.001105
2016-04-11,101965.737330,0.003313
2016-04-12,103293.902219,0.013026
2016-04-13,104790.359300,0.014487
2016-04-14,104846.485606,0.000536
2016-04-15,102742.068444,-0.020071
2016-04-18,100525.414439,-0.021575
2016-04-19,99992.297317,-0.005303
2016-04-20,100198.046467,0.002058
2016-04-21,99113.103454,-0.010828
2016-04-22,98841.893324,-0.002736
2016-04-25,98280.709107,-0.005678
2016-04-26,97597.937605,-0.006947
2016-04-27,91490.474690,-0.062578
2016-04-28,88693.951352,-0.030566
2016-04-29,87674.485087,-0.011494
2016-05-02,87580.925476,-0.001067
2016-05-03,89021.295672,0.016446
2016-05-04,88095.357482,-0.010401
2016-05-05,87737.777963,-0.004059
2016-05-06,87248.464430,-0.005577
2016-05-09,87314.327495,0.000755
2016-05-10,87907.158150,0.006790
2016-05-11,87050.843700,-0.009741
2016-05-12,85008.883709,-0.023457
2016-05-13,85178.279664,0.001993
2016-05-16,88340.037900,0.037119
2016-05-17,87973.021215,-0.004155
2016-05-18,88979.873055,0.011445
2016-05-19,88641.096913,-0.003807
2016-05-20,89600.912717,0.010828
2016-05-23,90739.514338,0.012707
2016-05-24,92122.780610,0.015244
2016-05-25,93741.274366,0.017569
2016-05-26,94484.666063,0.007930
2016-05-27,94428.216513,-0.000597
2016-05-31,93967.104103,-0.004883
2016-06-01,92649.740316,-0.014019
2016-06-02,91953.384655,-0.007516
2016-06-03,92141.583987,0.002047
2016-06-06,92809.691221,0.007251
2016-06-07,93186.105653,0.004056
2016-06-08,93101.423443,-0.000909
2016-06-09,93769.491257,0.007176
2016-06-10,92997.882669,-0.008229
2016-06-13,91595.852440,-0.015076
2016-06-14,91708.751541,0.001233
2016-06-15,91407.621572,-0.003284
2016-06-16,91793.441634,0.004221
2016-06-17,89704.469259,-0.022757
2016-06-20,89488.005732,-0.002413
2016-06-21,90250.224458,0.008518
2016-06-22,89911.464084,-0.003754
2016-06-23,90428.994507,0.005756
2016-06-24,87888.331121,-0.028096
2016-06-27,86608.605624,-0.014561
2016-06-28,88067.109055,0.016840
2016-06-29,88829.335664,0.008655
2016-06-30,89958.508004,0.012712
2016-07-01,90231.397429,0.003034
2016-07-05,89384.512262,-0.009386
2016-07-06,89892.637055,0.005685
2016-07-07,90278.449233,0.004292
2016-07-08,90974.749706,0.007713
2016-07-11,91257.060530,0.003103
2016-07-12,91671.097483,0.004537
2016-07-13,91153.559176,-0.005646
2016-07-14,92960.268031,0.019820
2016-07-15,92950.854517,-0.000101
2016-07-18,93938.895096,0.010630
2016-07-19,93976.533386,0.000401
2016-07-20,94061.215595,0.000901
2016-07-21,93562.488548,-0.005302
2016-07-22,92837.923880,-0.007744
2016-07-25,91595.852440,-0.013379
2016-07-26,90965.351960,-0.006884
2016-07-27,96874.776291,0.064963
2016-07-28,98182.750216,0.013502
2016-07-29,98060.406065,-0.001246
2016-08-01,99791.838341,0.017657
2016-08-02,98314.492113,-0.014804
2016-08-03,99547.189459,0.012538
2016-08-04,100162.150545,0.006178
2016-08-05,101685.310786,0.015207
2016-08-08,102527.363052,0.008281
2016-08-09,102943.631182,0.004060
2016-08-10,102177.289116,-0.007444
2016-08-11,102111.079155,-0.000648
2016-08-12,102347.615385,0.002316
2016-08-15,103577.506021,0.012017
2016-08-16,103482.913604,-0.000913
2016-08-17,103331.508972,-0.001463
2016-08-18,103199.089049,-0.001282
2016-08-19,103463.976199,0.002567
2016-08-22,102659.790859,-0.007773
2016-08-23,102981.450804,0.003133
2016-08-24,102205.687340,-0.007533
2016-08-25,101770.497573,-0.004258
2016-08-26,101174.466008,-0.005857
2016-08-29,101060.912534,-0.001122
2016-08-30,100285.101765,-0.007677
2016-08-31,100379.717834,0.000943
2016-09-01,100975.780935,0.005938
2016-09-02,101921.870669,0.009369
2016-09-06,101893.480329,-0.000279
2016-09-07,102517.878582,0.006128
2016-09-08,99830.998246,-0.026209
2016-09-09,97569.846858,-0.022650
2016-09-12,99755.319582,0.022399
2016-09-13,102129.977140,0.023805
2016-09-14,105744.025572,0.035387
2016-09-15,109339.176019,0.033999
2016-09-16,108724.199165,-0.005624
2016-09-19,107456.488907,-0.011660
2016-09-20,107446.996553,-0.000088
2016-09-21,107428.067032,-0.000176
2016-09-22,108440.398263,0.009423
2016-09-23,106633.342510,-0.016664
2016-09-26,106794.215845,0.001509
2016-09-27,106992.861497,0.001860
2016-09-28,107806.484003,0.007604
2016-09-29,106131.903362,-0.015533
2016-09-30,106955.041875,0.007756
2016-10-03,106453.602727,-0.004688
2016-10-04,106907.729899,0.004266
2016-10-05,106955.041875,0.000443
2016-10-06,107749.758513,0.007430
2016-10-07,107910.600311,0.001493
2016-10-10,109793.263771,0.017447
2016-10-11,110029.807885,0.002154
2016-10-12,111013.748777,0.008942
2016-10-13,110673.167195,-0.003068
2016-10-14,111288.112513,0.005556
2016-10-17,111212.402313,-0.000680
2016-10-18,111136.731533,-0.000680
2016-10-19,110805.595002,-0.002980
2016-10-20,110748.845859,-0.000512
2016-10-21,110313.624556,-0.003930
2016-10-24,111307.018382,0.009005
2016-10-25,111874.683260,0.005100
2016-10-26,109358.089772,-0.022495
2016-10-27,108307.938920,-0.009603
2016-10-28,107588.908830,-0.006639
2016-10-31,107418.629865,-0.001583
2016-11-01,105479.138422,-0.018055
2016-11-02,105573.754491,0.000897
2016-11-03,104442.138107,-0.010719
2016-11-04,103500.699943,-0.009014
2016-11-07,104993.680173,0.014425
2016-11-08,105611.779097,0.005887
2016-11-09,105440.609239,-0.001621
2016-11-10,102502.220927,-0.027868
2016-11-11,103110.819613,0.005937
2016-11-14,100524.255489,-0.025085
2016-11-15,101855.550331,0.013244
2016-11-16,104594.291721,0.026888
2016-11-17,104556.204042,-0.000364
2016-11-18,104660.840695,0.001001
2016-11-21,106248.933687,0.015174
2016-11-22,106315.474777,0.000626
2016-11-23,105773.456601,-0.005098
2016-11-25,106305.990306,0.005035
2016-11-28,106096.756421,-0.001968
2016-11-29,105992.174957,-0.000986
2016-11-30,105098.277406,-0.008434
2016-12-01,104118.798867,-0.009320
2016-12-02,104508.679197,0.003745
2016-12-05,103757.435021,-0.007188
2016-12-06,104556.204042,0.007698
2016-12-07,105583.254730,0.009823
2016-12-08,106619.789888,0.009817
2016-12-09,108359.989189,0.016322
2016-12-12,107741.890265,-0.005704
2016-12-13,109539.177722,0.016681
2016-12-14,109539.177722,0.000000
2016-12-15,110138.268285,0.005469
2016-12-16,110280.913776,0.001295
2016-12-19,110918.060482,0.005777
2016-12-20,111212.843818,0.002658
2016-12-21,111317.441050,0.000941
2016-12-22,110585.228887,-0.006578
2016-12-23,110803.939359,0.001978
2016-12-27,111507.627154,0.006351
2016-12-28,111032.150069,-0.004264
2016-12-29,111003.665121,-0.000257
2016-12-30,110138.268285,-0.007796
2017-01-03,110452.075751,0.002849
2017-01-04,110328.485925,-0.001119
2017-01-05,110889.512462,0.005085
2017-01-06,112125.741846,0.011148
2017-01-09,113152.776766,0.009160
2017-01-10,113266.882121,0.001008
2017-01-11,113875.457155,0.005373
2017-01-12,113400.011605,-0.004175
2017-01-13,113200.325263,-0.001761
2017-01-17,114113.207523,0.008064
2017-01-18,114103.738821,-0.000083
2017-01-19,113904.013058,-0.001750
2017-01-20,114113.207523,0.001837
2017-01-23,114189.327692,0.000667
2017-01-24,114084.691040,-0.000916
2017-01-25,115900.994742,0.015921
2017-01-26,115958.059246,0.000492
2017-01-27,115967.551600,0.000082
2017-01-30,115663.244373,-0.002624
2017-01-31,115396.993289,-0.002302
2017-02-01,122433.957968,0.060980
2017-02-02,122224.810807,-0.001708
2017-02-03,122747.796970,0.004279
2017-02-06,123898.429599,0.009374
2017-02-07,125077.633900,0.009518
2017-02-08,125562.571804,0.003877
2017-02-09,126469.872181,0.007226
2017-02-10,126183.335525,-0.002266
2017-02-13,127300.800101,0.008856
2017-02-14,128953.005907,0.012979
2017-02-15,129421.024714,0.003629
2017-02-16,129268.224611,-0.001181
2017-02-17,129621.609834,0.002734
2017-02-21,130557.623796,0.007221
2017-02-22,130949.104581,0.002999
2017-02-23,130395.220962,-0.004230
2017-02-24,130519.386321,0.000952
2017-02-27,130777.233045,0.001976
2017-02-28,130834.557721,0.000438
2017-03-01,133508.721140,0.020439
2017-03-02,132716.062231,-0.005937
2017-03-03,133499.213018,0.005901
2017-03-06,133078.947692,-0.003148
2017-03-07,133250.819228,0.001292
2017-03-08,132754.252401,-0.003727
2017-03-09,132448.636428,-0.002302
2017-03-10,132887.965303,0.003317
2017-03-13,132945.266327,0.000431
2017-03-14,132744.696975,-0.001509
2017-03-15,134148.635135,0.010576
2017-03-16,134368.268036,0.001637
2017-03-17,133699.782370,-0.004975
2017-03-20,135103.673226,0.010500
2017-03-21,133556.498274,-0.011452
2017-03-22,135065.498823,0.011299
2017-03-23,134587.948242,-0.003536
2017-03-24,134320.553975,-0.001987
2017-03-27,134549.758071,0.001706
2017-03-28,137338.586610,0.020727
2017-03-29,137644.123744,0.002225
2017-03-30,137462.696781,-0.001318
2017-03-31,137204.826405,-0.001876
2017-04-03,137243.079648,0.000279
2017-04-04,138264.989957,0.007446
2017-04-05,137548.648317,-0.005181
2017-04-06,137204.826405,-0.002500
2017-04-07,136899.241968,-0.002227
2017-04-10,136736.831250,-0.001186
2017-04-11,135266.068175,-0.010756
2017-04-12,135428.415821,0.001200
2017-04-13,134712.137253,-0.005289
2017-04-17,135457.082101,0.005530
2017-04-18,134855.389813,-0.004442
2017-04-19,134358.696842,-0.003683
2017-04-20,136039.647767,0.012511
2017-04-21,135877.347426,-0.001193
2017-04-24,137185.699784,0.009629
2017-04-25,138035.770093,0.006196
2017-04-26,137223.937258,-0.005881
2017-04-27,137328.999648,0.000766
2017-04-28,137195.286746,-0.000974
2017-05-01,139993.654944,0.020397
2017-05-02,140881.805048,0.006344
2017-05-03,140452.063136,-0.003050
2017-05-04,139945.925115,-0.003604
2017-05-05,142266.711196,0.016583
2017-05-08,146134.703764,0.027188
2017-05-09,147070.694074,0.006405
2017-05-10,146373.463287,-0.004741
2017-05-11,147639.399642,0.008649
2017-05-12,149701.258888,0.013966
2017-05-15,149317.670002,-0.002562
2017-05-16,149097.043715,-0.001478
2017-05-17,144091.072362,-0.033575
2017-05-18,146287.164854,0.015241
2017-05-19,146785.876133,0.003409
2017-05-22,147677.731725,0.006076
2017-05-23,147495.532128,-0.001234
2017-05-24,147054.358394,-0.002991
2017-05-25,147562.593564,0.003456
2017-05-26,147313.316764,-0.001689
2017-05-30,147370.838541,0.000390
2017-05-31,146498.188411,-0.005921
2017-06-01,146900.935454,0.002749
2017-06-02,149077.885558,0.014819
2017-06-05,147620.209948,-0.009778
2017-06-06,148118.873923,0.003378
2017-06-07,149001.205624,0.005957
2017-06-08,148636.711823,-0.002446
2017-06-09,142873.118125,-0.038776
2017-06-12,139459.008323,-0.023896
2017-06-13,140581.077165,0.008046
2017-06-14,139209.715756,-0.009755
2017-06-15,138375.334637,-0.005994
2017-06-16,136438.200514,-0.013999
2017-06-19,140341.324256,0.028607
2017-06-20,139065.816707,-0.009089
2017-06-21,139890.579327,0.005931
2017-06-22,139660.444917,-0.001645
2017-06-23,140283.707871,0.004463
2017-06-26,139842.644513,-0.003144
2017-06-27,137838.291275,-0.014333
2017-06-28,139852.184172,0.014611
2017-06-29,137790.340694,-0.014743
2017-06-30,138116.392035,0.002366
2017-07-03,137617.712292,-0.003611
2017-07-05,138183.532310,0.004112
2017-07-06,136879.279641,-0.009439
2017-07-07,138269.893815,0.010159
2017-07-10,139113.767288,0.006103
2017-07-11,139564.512218,0.003240
2017-07-12,139765.917275,0.001443
2017-07-13,141712.685665,0.013929
2017-07-14,142930.639901,0.008595
2017-07-17,143429.335412,0.003489
2017-07-18,143928.015155,0.003477
2017-07-19,144829.473477,0.006263
2017-07-20,144177.386562,-0.004502
2017-07-21,144110.214751,-0.000466
2017-07-24,145855.609619,0.012112
2017-07-25,146478.967181,0.004274
2017-07-26,147169.465019,0.004714
2017-07-27,144388.331279,-0.018897
2017-07-28,143371.766332,-0.007040
2017-07-31,142633.317912,-0.005151
2017-08-01,143899.238499,0.008875
2017-08-02,150698.586838,0.047251
2017-08-03,149192.976414,-0.009991
2017-08-04,149979.359648,0.005271
2017-08-07,152300.145728,0.015474
2017-08-08,153518.099965,0.007997
2017-08-09,154457.874602,0.006122
2017-08-10,149538.154377,-0.031852
2017-08-11,151617.784194,0.013907
2017-08-14,153899.512862,0.015049
2017-08-15,155584.358492,0.010948
2017-08-16,154958.588421,-0.004022
2017-08-17,151983.570973,-0.019199
2017-08-18,151637.021192,-0.002280
2017-08-21,151357.800902,-0.001841
2017-08-22,153832.072995,0.016347
2017-08-23,154024.663723,0.001252
2017-08-24,153341.072283,-0.004438
2017-08-25,153909.115593,0.003704
2017-08-28,155459.191863,0.010071
2017-08-29,156845.595973,0.008918
2017-08-30,157269.219889,0.002701
2017-08-31,157895.021497,0.003979
2017-09-01,157943.145527,0.000305
2017-09-05,156046.535243,-0.012008
2017-09-06,155882.831547,-0.001049
2017-09-07,155257.014172,-0.004015
2017-09-08,152724.936478,-0.016309
2017-09-11,155488.063128,0.018092
2017-09-12,154871.911555,-0.003963
2017-09-13,153707.000974,-0.007522
2017-09-14,152387.973660,-0.008581
2017-09-15,153928.384127,0.010108
2017-09-18,152763.426242,-0.007568
2017-09-19,152821.184539,0.000378
2017-09-20,150260.235581,-0.016758
2017-09-21,147679.986553,-0.017172
2017-09-22,146235.776842,-0.009779
2017-09-25,144945.731168,-0.008822
2017-09-26,147439.271794,0.017203
2017-09-27,148488.713086,0.007118
2017-09-28,147574.088458,-0.006160
2017-09-29,148382.830759,0.005480
2017-10-02,148084.373471,-0.002011
2017-10-03,148729.427844,0.004356
2017-10-04,147766.647650,-0.006473
2017-10-05,149605.515405,0.012444
2017-10-06,149518.917380,-0.000579
2017-10-09,150038.805124,0.003477
2017-10-10,150096.531885,0.000385
2017-10-11,150722.412332,0.004170
2017-10-12,150192.827249,-0.003514
2017-10-13,151145.988944,0.006346
2017-10-16,153928.384127,0.018409
2017-10-17,154496.411669,0.003690
2017-10-18,153812.835997,-0.004425
2017-10-19,150173.590251,-0.023660
2017-10-20,150433.557775,0.001731
2017-10-23,150356.530945,-0.000512
2017-10-24,151251.887039,0.005955
2017-10-25,150587.516828,-0.004392
2017-10-26,151550.375863,0.006394
2017-10-27,156980.381101,0.035830
2017-10-30,160513.728751,0.022508
2017-10-31,162747.412230,0.013916
2017-11-01,160677.448215,-0.012719
2017-11-02,161852.008831,0.007310
2017-11-03,166078.613725,0.026114
2017-11-06,167763.443587,0.010145
2017-11-07,168302.631401,0.003214
2017-11-08,169679.401244,0.008180
2017-11-09,169332.756854,-0.002043
2017-11-10,168772.361039,-0.003309
2017-11-13,168096.038661,-0.004007
2017-11-14,165554.815509,-0.015118
2017-11-15,163371.132457,-0.013190
2017-11-16,165322.899312,0.011947
2017-11-17,164404.979166,-0.005552
2017-11-20,164240.723589,-0.000999
2017-11-21,167294.013541,0.018590
2017-11-22,169052.590482,0.010512
2017-11-24,169062.256285,0.000057
2017-11-27,168212.028295,-0.005029
2017-11-28,167226.415993,-0.005859
2017-11-29,163757.591124,-0.020743
2017-11-30,166047.629545,0.013984
2017-12-01,165274.649138,-0.004655
2017-12-04,164066.786441,-0.007308
2017-12-05,163912.228203,-0.000942
2017-12-06,163303.487605,-0.003714
2017-12-07,163603.001350,0.001834
2017-12-08,163651.346133,0.000296
2017-12-11,166839.910021,0.019484
2017-12-12,165902.674037,-0.005618
2017-12-13,166453.388282,0.003320
2017-12-14,166405.075035,-0.000290
2017-12-15,168096.038661,0.010162
2017-12-18,170463.293128,0.014083
2017-12-19,168646.737137,-0.010657
2017-12-20,168463.134186,-0.001089
2017-12-21,169100.887961,0.003786
2017-12-22,169100.887961,0.000000
2017-12-26,164810.832511,-0.025370
2017-12-27,164839.814152,0.000176
2017-12-28,165303.615010,0.002814
2017-12-29,163516.040660,-0.010814
2018-01-02,166443.706711,0.017904
2018-01-03,166414.756606,-0.000174
2018-01-04,167187.784317,0.004645
2018-01-05,169091.253694,0.011385
2018-01-08,168463.134186,-0.003715
2018-01-09,168443.865653,-0.000114
2018-01-10,168405.233977,-0.000229
2018-01-11,169361.770031,0.005680
2018-01-12,171110.681169,0.010326
2018-01-16,170241.074270,-0.005082
2018-01-17,173052.861062,0.016517
2018-01-18,173207.371996,0.000893
2018-01-19,172434.407357,-0.004463
2018-01-22,171023.720479,-0.008181
2018-01-23,171062.367923,0.000226
2018-01-24,168337.573357,-0.015929
2018-01-25,165332.580883,-0.017851
2018-01-26,165719.086854,0.002338
2018-01-29,162288.940965,-0.020699
2018-01-30,161332.389144,-0.005894
2018-01-31,161776.826860,0.002755
2018-02-01,162115.019585,0.002090
2018-02-02,155080.822196,-0.043390
2018-02-05,151206.191286,-0.024985
2018-02-06,157525.387318,0.041792
2018-02-07,154153.236246,-0.021407
2018-02-08,149911.430971,-0.027517
2018-02-09,151745.079507,0.012232
2018-02-12,157857.209759,0.040279
2018-02-13,159438.569802,0.010018
2018-02-14,162378.140716,0.018437
2018-02-15,167830.615398,0.033579
2018-02-16,167287.296360,-0.003237
2018-02-20,166724.629948,-0.003363
2018-02-21,165967.843309,-0.004539
2018-02-22,167355.256573,0.008360
2018-02-23,170265.735470,0.017391
2018-02-26,173632.241586,0.019772
2018-02-27,173069.527870,-0.003241
2018-02-28,172807.589342,-0.001513
2018-03-01,169780.647770,-0.017516
2018-03-02,170954.561896,0.006914
2018-03-05,171546.367629,0.003462
2018-03-06,171400.860241,-0.000848
2018-03-07,169809.739786,-0.009283
2018-03-08,171662.783001,0.010912
2018-03-09,174612.114326,0.017181
2018-03-12,176300.192402,0.009668
2018-03-13,174602.401219,-0.009630
2018-03-14,173118.061869,-0.008501
2018-03-15,173321.769060,0.001177
2018-03-16,172710.584417,-0.003526
2018-03-19,170071.725619,-0.015279
2018-03-20,170013.494281,-0.000342
2018-03-21,166161.947768,-0.022654
2018-03-22,163814.040675,-0.014130
2018-03-23,160020.693964,-0.023156
2018-03-26,167617.179333,0.047472
2018-03-27,163319.271403,-0.025641
2018-03-28,161514.777956,-0.011049
2018-03-29,162775.952365,0.007808
2018-04-02,161708.803575,-0.006556
2018-04-03,163367.789634,0.010259
2018-04-04,166491.751901,0.019122
2018-04-05,167646.271350,0.006934
2018-04-06,163358.060759,-0.025579
2018-04-09,164978.273230,0.009918
2018-04-10,168082.825051,0.018818
2018-04-11,167296.993699,-0.004675
2018-04-12,168946.298187,0.009859
2018-04-13,169518.709242,0.003388
2018-04-16,170576.192229,0.006238
2018-04-17,172924.004714,0.013764
2018-04-18,172535.906171,-0.002244
2018-04-19,167646.271350,-0.028340
2018-04-20,160777.417531,-0.040972
2018-04-23,160311.756045,-0.002896
2018-04-24,158080.374699,-0.013919
2018-04-25,158769.138053,0.004357
2018-04-26,159322.185966,0.003483
2018-04-27,157478.792787,-0.011570
2018-04-30,160331.134954,0.018113
2018-05-01,164056.647597,0.023236
2018-05-02,171303.855315,0.044175
2018-05-03,171614.264770,0.001812
2018-05-04,178347.261235,0.039233
2018-05-07,179637.622269,0.007235
2018-05-08,180501.063869,0.004807
2018-05-09,181771.998689,0.007041
2018-05-10,184372.068132,0.014304
2018-05-11,183670.863801,-0.003803
2018-05-14,183242.304491,-0.002333
2018-05-15,181576.932380,-0.009088
2018-05-16,183271.506884,0.009333
2018-05-17,182112.540851,-0.006324
2018-05-18,181450.330861,-0.003636
2018-05-21,182735.914182,0.007085
2018-05-22,182278.136711,-0.002505
2018-05-23,183446.831619,0.006412
2018-05-24,183242.304491,-0.001115
2018-05-25,183661.119158,0.002286
2018-05-29,182998.830327,-0.003606
2018-05-30,182609.265358,-0.002129
2018-05-31,181995.747047,-0.003360
2018-06-01,185277.815358,0.018034
2018-06-04,186826.330593,0.008358
2018-06-05,188267.717827,0.007715
2018-06-06,188920.262014,0.003466
2018-06-07,188413.824400,-0.002681
2018-06-08,186699.713306,-0.009098
2018-06-11,186241.983139,-0.002452
2018-06-12,187264.618778,0.005491
2018-06-13,185725.816650,-0.008217
2018-06-14,185823.200008,0.000524
2018-06-15,183914.322197,-0.010273
2018-06-18,183816.954607,-0.000529
2018-06-19,180846.494120,-0.016160
2018-06-20,181635.400238,0.004362
2018-06-21,180622.477706,-0.005577
2018-06-22,180096.598110,-0.002911
2018-06-25,177418.350771,-0.014871
2018-06-26,179619.315585,0.012406
2018-06-27,179356.399440,-0.001464
2018-06-28,180661.456279,0.007276
2018-06-29,180281.667488,-0.002102
2018-07-02,182297.578693,0.011182
2018-07-03,179122.685687,-0.017416
2018-07-05,180564.057152,0.008047
2018-07-06,183067.027061,0.013862
2018-07-09,185608.944006,0.013885
2018-07-10,185384.990664,-0.001207
2018-07-11,182979.372577,-0.012976
2018-07-12,186047.232190,0.016766
2018-07-13,186339.350729,0.001570
2018-07-16,185930.328010,-0.002195
2018-07-17,186456.239142,0.002829
2018-07-18,185433.571967,-0.005485
2018-07-19,186874.990736,0.007773
2018-07-20,186446.526035,-0.002293
2018-07-23,186612.106126,0.000888
2018-07-24,187965.823109,0.007254
2018-07-25,189738.370525,0.009430
2018-07-26,189144.373036,-0.003131
2018-07-27,185998.493207,-0.016632
2018-07-30,184956.431354,-0.005603
2018-07-31,185326.475501,0.002001
2018-08-01,196244.118130,0.058910
2018-08-02,201980.511975,0.029231
2018-08-03,202564.827894,0.002893
2018-08-06,203616.697462,0.005193
2018-08-07,201707.803882,-0.009375
2018-08-08,201844.118509,0.000676
2018-08-09,203431.643852,0.007865
2018-08-10,202825.631123,-0.002979
2018-08-13,204135.244923,0.006457
2018-08-14,204995.343700,0.004213
2018-08-15,205474.234565,0.002336
2018-08-16,208484.398953,0.014650
2018-08-17,212647.805579,0.019970
2018-08-20,210575.933633,-0.009743
2018-08-21,210165.412951,-0.001950
2018-08-22,210175.204898,0.000047
2018-08-23,210605.167562,0.002046
2018-08-24,211260.061186,0.003110
2018-08-27,212999.684955,0.008235
2018-08-28,214719.803669,0.008076
2018-08-29,217925.444335,0.014929
2018-08-30,219928.993404,0.009194
2018-08-31,222470.043107,0.011554
2018-09-04,223183.499197,0.003207
2018-09-05,221727.242711,-0.006525
2018-09-06,218042.758485,-0.016617
2018-09-07,216283.519286,-0.008068
2018-09-10,213380.877100,-0.013421
2018-09-11,218775.703861,0.025283
2018-09-12,216058.746006,-0.012419
2018-09-13,221277.664616,0.024155
2018-09-14,218765.959218,-0.011351
2018-09-17,212941.059416,-0.026626
2018-09-18,213292.875720,0.001652
2018-09-19,213419.934512,0.000596
2018-09-20,215042.307203,0.007602
2018-09-21,212726.030780,-0.010771
2018-09-24,215785.044527,0.014380
2018-09-25,217153.315402,0.006341
2018-09-26,215423.452045,-0.007966
2018-09-27,219850.768203,0.020552
2018-09-28,220622.865600,0.003512
2018-10-01,222108.450624,0.006734
2018-10-02,224082.671155,0.008889
2018-10-03,226809.452493,0.012169
2018-10-04,222821.890946,-0.017581
2018-10-05,219205.776902,-0.016229
2018-10-08,218697.573269,-0.002318
2018-10-09,221727.242711,0.013853
2018-10-10,211455.521696,-0.046326
2018-10-11,209588.807599,-0.008828
2018-10-12,217075.153273,0.035719
2018-10-15,212432.824247,-0.021386
2018-10-16,217114.289526,0.022037
2018-10-17,216176.012852,-0.004322
2018-10-18,211123.257751,-0.023373
2018-10-19,214338.627292,0.015230
2018-10-22,215648.241092,0.006110
2018-10-23,217681.087162,0.009427
2018-10-24,210214.293846,-0.034302
2018-10-25,214817.565460,0.021898
2018-10-26,211396.880390,-0.015924
2018-10-29,207428.902737,-0.018770
2018-10-30,208464.862362,0.004994
2018-10-31,213898.809608,0.026066
2018-11-01,217182.643939,0.015352
2018-11-02,202776.813300,-0.066330
2018-11-05,197020.346752,-0.028388
2018-11-06,199150.875772,0.010814
2018-11-07,205190.804211,0.030328
2018-11-08,204474.888307,-0.003489
2018-11-09,200532.265648,-0.019282
2018-11-12,190430.681687,-0.050374
2018-11-13,188528.016479,-0.009991
2018-11-14,183202.616358,-0.028247
2018-11-15,187723.799603,0.024679
2018-11-16,189802.940612,0.011076
2018-11-19,182280.675364,-0.039632
2018-11-20,173571.708116,-0.047778
2018-11-21,173375.585349,-0.001130
2018-11-23,168972.063149,-0.025399
2018-11-26,171257.150408,0.013523
2018-11-27,170884.488767,-0.002176
2018-11-28,177455.421412,0.038452
2018-11-29,176092.212075,-0.007682
2018-11-30,175140.863703,-0.005403
2018-12-03,181260.720290,0.034942
2018-12-04,173287.284376,-0.043989
2018-12-06,171355.274864,-0.011149
2018-12-07,165245.194456,-0.035657
2018-12-10,166333.819304,0.006588
2018-12-11,165382.518237,-0.005719
2018-12-12,165843.433545,0.002787
2018-12-13,167657.829316,0.010940
2018-12-14,162293.151030,-0.031998
2018-12-17,160782.841733,-0.009306
2018-12-18,162871.806225,0.012992
2018-12-19,157791.598982,-0.031191
2018-12-20,153809.729695,-0.025235
2018-12-21,147827.228425,-0.038895
2018-12-24,144002.345652,-0.025874
2018-12-26,154143.207779,0.070422
2018-12-27,153142.852367,-0.006490
2018-12-28,153221.282553,0.000512
2018-12-31,154702.247544,0.009666
2019-01-02,154878.770649,0.001141
2019-01-03,139451.676189,-0.099608
2019-01-04,145404.801618,0.042690
2019-01-07,145081.131249,-0.002226
2019-01-08,147846.859623,0.019063
2019-01-09,150357.540099,0.016982
2019-01-10,150838.070838,0.003196
2019-01-11,149357.184687,-0.009818
2019-01-14,147111.249449,-0.015037
2019-01-15,150122.186471,0.020467
2019-01-16,151956.150368,0.012216
2019-01-17,152858.412859,0.005938
2019-01-18,153799.906212,0.006159
2019-01-22,150347.716616,-0.022446
2019-01-23,150955.763420,0.004044
2019-01-24,149759.269473,-0.007926
2019-01-25,154721.799902,0.033137
2019-01-28,153289.920791,-0.009255
2019-01-29,151701.102469,-0.010365
2019-01-30,162067.605117,0.068335
2019-01-31,163234.660150,0.007201
2019-02-01,163313.153407,0.000481
2019-02-04,167952.013467,0.028405
2019-02-05,170825.626708,0.017110
2019-02-06,170884.488767,0.000345
2019-02-07,167648.021601,-0.018940
2019-02-08,167845.027378,0.001175
2019-02-11,166879.708531,-0.005751
2019-02-12,168317.816014,0.008618
2019-02-13,167618.456543,-0.004155
2019-02-14,168229.120841,0.003643
2019-02-15,167854.882397,-0.002225
2019-02-19,168357.236091,0.002993
2019-02-20,169440.625953,0.006435
2019-02-21,168485.193661,-0.005639
2019-02-22,170366.477419,0.011166
2019-02-25,171607.484517,0.007284
2019-02-26,171706.034709,0.000574
2019-02-27,172237.843085,0.003097
2019-02-28,170543.757389,-0.009836
2019-03-01,172336.361741,0.010511
2019-03-04,173203.130396,0.005030
2019-03-05,172887.974764,-0.001820
2019-03-06,171893.153931,-0.005754
2019-03-07,169903.543802,-0.011575
2019-03-08,170307.426143,0.002377
2019-03-11,176207.192556,0.034642
2019-03-12,178186.979202,0.011236
2019-03-13,178974.923470,0.004422
2019-03-14,180964.502063,0.011117
2019-03-15,183318.527152,0.013008
2019-03-18,185189.924354,0.010208
2019-03-19,183722.425262,-0.007924
2019-03-20,185327.863088,0.008738
2019-03-21,192153.575574,0.036830
2019-03-22,188174.323780,-0.020709
2019-03-25,185899.123077,-0.012091
2019-03-26,183978.450778,-0.010332
2019-03-27,185633.163701,0.008994
2019-03-28,185879.397270,0.001326
2019-03-29,187090.902382,0.006518
2019-04-01,188361.458770,0.006791
2019-04-02,191099.608858,0.014537
2019-04-03,192409.664163,0.006855
2019-04-04,192744.498298,0.001740
2019-04-05,194034.748956,0.006694
2019-04-08,197088.117748,0.015736
2019-04-09,196497.147721,-0.002999
2019-04-10,197600.247621,0.005614
2019-04-11,195955.437022,-0.008324
2019-04-12,195876.596868,-0.000402
2019-04-15,196231.219881,0.001810
2019-04-16,196250.898384,0.000100
2019-04-17,200072.485638,0.019473
2019-04-18,200791.507843,0.003594
2019-04-22,201451.431469,0.003287
2019-04-23,204357.022277,0.014423
2019-04-24,204041.882413,-0.001542
2019-04-25,202190.132177,-0.009075
2019-04-26,201224.907938,-0.004774
2019-04-29,201530.192783,0.001517
2019-04-30,197649.522717,-0.019256
2019-05-01,207351.292490,0.049086
2019-05-02,206001.880180,-0.006508
2019-05-03,208562.750298,0.012431
2019-05-06,205341.988090,-0.015443
2019-05-07,199806.557798,-0.026957
2019-05-08,199845.993643,0.000197
2019-05-09,197698.813582,-0.010744
2019-05-10,194959.969700,-0.013854
2019-05-13,183628.983911,-0.058120
2019-05-14,186535.962306,0.015831
2019-05-15,188770.465721,0.011979
2019-05-16,187939.916234,-0.004400
2019-05-17,186872.073651,-0.005682
2019-05-20,181028.583340,-0.031270
2019-05-21,184499.142692,0.019171
2019-05-22,180722.084357,-0.020472
2019-05-23,177637.195271,-0.017070
2019-05-24,176954.991417,-0.003840
2019-05-28,176223.275947,-0.004135
2019-05-29,175382.855672,-0.004769
2019-05-30,176292.529139,0.005187
2019-05-31,173098.919480,-0.018115
2019-06-03,171348.825739,-0.010110
2019-06-04,177617.453696,0.036584
2019-06-05,180484.775493,0.016143
2019-06-06,183134.593073,0.014682
2019-06-07,188009.122121,0.026617
2019-06-10,190411.760050,0.012779
2019-06-11,192616.682640,0.011580
2019-06-12,192003.621601,-0.003183
2019-06-13,191964.075380,-0.000206
2019-06-14,190569.944935,-0.007262
2019-06-17,191707.009174,0.005967
2019-06-18,196215.656835,0.023518
2019-06-19,195642.173554,-0.002923
2019-06-20,197214.309299,0.008036
2019-06-21,196541.944696,-0.003409
2019-06-24,196344.197822,-0.001006
2019-06-25,193368.076612,-0.015158
2019-06-26,197550.467948,0.021629
2019-06-27,197491.132848,-0.000300
2019-06-28,195691.622098,-0.009112
2019-07-01,199280.772810,0.018341
2019-07-02,200447.480947,0.005855
2019-07-03,202108.564154,0.008287
2019-07-05,201930.558854,-0.000881
2019-07-08,197768.019469,-0.020614
2019-07-09,198974.289595,0.006099
2019-07-10,200941.840249,0.009888
2019-07-11,199478.535453,-0.007282
2019-07-12,201011.077672,0.007683
2019-07-15,202899.567420,0.009395
2019-07-16,202197.574688,-0.003460
2019-07-17,201060.478913,-0.005624
2019-07-18,203344.509714,0.011360
2019-07-19,200309.084940,-0.014927
2019-07-22,204886.922721,0.022854
2019-07-23,206488.655060,0.007818
2019-07-24,206320.630923,-0.000814
2019-07-25,204689.175846,-0.007907
2019-07-26,205401.102438,0.003478
2019-07-29,207319.236083,0.009338
2019-07-30,206429.398800,-0.004292
2019-07-31,210641.370961,0.020404
2019-08-01,206083.290523,-0.021639
2019-08-02,201722.972728,-0.021158
2019-08-05,191163.201327,-0.052348
2019-08-06,194781.995936,0.018930
2019-08-07,196799.026671,0.010355
2019-08-08,201139.602892,0.022056
2019-08-09,199482.162100,-0.008240
2019-08-12,198975.961006,-0.002538
2019-08-13,207402.270533,0.042348
2019-08-14,201228.944554,-0.029765
2019-08-15,200226.507763,-0.004982
2019-08-16,204950.783245,0.023595
2019-08-19,208771.881691,0.018644
2019-08-20,208781.847086,0.000048
2019-08-21,211044.732957,0.010839
2019-08-22,210866.112704,-0.000846
2019-08-23,201119.750941,-0.046221
2019-08-26,204940.896690,0.018999
2019-08-27,202628.341522,-0.011284
2019-08-28,203988.081892,0.006711
2019-08-29,207441.974435,0.016932
2019-08-30,207174.028287,-0.001292
2019-09-03,204156.784053,-0.014564
2019-09-04,207620.578920,0.016966
2019-09-05,211679.916543,0.019552
2019-09-06,211660.080360,-0.000094
2019-09-09,212563.257398,0.004267
2019-09-10,215074.253234,0.011813
2019-09-11,221912.611681,0.031795
2019-09-12,221416.312911,-0.002236
2019-09-13,217108.865323,-0.019454
2019-09-16,218250.234234,0.005257
2019-09-17,219044.264962,0.003638
2019-09-18,221098.729002,0.009379
2019-09-19,219302.293019,-0.008125
2019-09-20,216096.557744,-0.014618
2019-09-23,217079.126817,0.004547
2019-09-24,216046.888447,-0.004755
2019-09-25,219371.830035,0.015390
2019-09-26,218240.316143,-0.005158
2019-09-27,217178.355035,-0.004866
2019-09-30,222289.704138,0.023535
2019-10-01,222905.083077,0.002768
2019-10-02,217317.287154,-0.025068
2019-10-03,219163.376667,0.008495
2019-10-04,225306.869532,0.028032
2019-10-07,225356.538829,0.000220
2019-10-08,222716.497428,-0.011715
2019-10-09,225326.768787,0.011720
2019-10-10,228363.786131,0.013478
2019-10-11,234437.915428,0.026598
2019-10-14,234100.463801,-0.001439
2019-10-15,233554.574574,-0.002332
2019-10-16,232611.677867,-0.004037
2019-10-17,233514.917976,0.003883
2019-10-18,234636.419169,0.004803
2019-10-21,238705.643347,0.017343
2019-10-22,238159.769888,-0.002287
2019-10-23,241355.618607,0.013419
2019-10-24,241752.610319,0.001645
2019-10-25,244730.119115,0.012316
2019-10-28,247181.606403,0.010017
2019-10-29,241464.796452,-0.023128
2019-10-30,241434.994874,-0.000123
2019-10-31,246893.776768,0.022610
2019-11-01,253900.790073,0.028381
2019-11-04,255568.148956,0.006567
2019-11-05,255200.958822,-0.001437
2019-11-06,255310.136668,0.000428
2019-11-07,258256.661283,0.011541
2019-11-08,258963.510569,0.002737
2019-11-11,261014.158746,0.007919
2019-11-12,260775.320383,-0.000915
2019-11-13,263273.985619,0.009582
2019-11-14,261452.241946,-0.006920
2019-11-15,264558.007905,0.011879
2019-11-18,265892.014848,0.005042
2019-11-19,265085.732360,-0.003032
2019-11-20,261999.739512,-0.011641
2019-11-21,260825.052752,-0.004484
2019-11-22,260596.069408,-0.000878
2019-11-25,265165.297844,0.017534
2019-11-26,263094.813485,-0.007808
2019-11-27,266628.760321,0.013432
2019-11-29,266041.338100,-0.002203
2019-12-02,262965.373720,-0.011562
2019-12-03,258276.702451,-0.017830
2019-12-04,260556.255131,0.008826
2019-12-05,264378.930379,0.014671
2019-12-06,269485.769825,0.019316
2019-12-09,265712.858482,-0.014000
2019-12-10,267265.851838,0.005845
2019-12-11,269545.436054,0.008529
2019-12-12,270232.259940,0.002548
2019-12-13,273905.611937,0.013593
2019-12-16,278594.393582,0.017118
2019-12-17,279141.859612,0.001965
2019-12-18,278474.840372,-0.002390
2019-12-19,278753.524549,0.001001
2019-12-20,278176.225405,-0.002071
2019-12-23,282715.620726,0.016318
2019-12-24,282984.465651,0.000951
2019-12-26,288598.956850,0.019840
2019-12-27,288489.369036,-0.000380
2019-12-30,290201.587967,0.005935
2019-12-31,292322.072752,0.007307
2020-01-02,298991.665965,0.022816
2020-01-03,296084.892555,-0.009722
2020-01-06,298444.168399,0.007968
2020-01-07,297040.655975,-0.004703
2020-01-08,301818.842355,0.016086
2020-01-09,308229.713719,0.021241
2020-01-10,308926.534537,0.002261
2020-01-13,315526.590734,0.021364
2020-01-14,311265.942662,-0.013503
2020-01-15,309932.061862,-0.004285
2020-01-16,313814.277195,0.012526
2020-01-17,317288.542034,0.011071
2020-01-21,315138.381815,-0.006777
2020-01-22,316263.178526,0.003569
2020-01-23,317786.275695,0.004816
2020-01-24,316870.468465,-0.002882
2020-01-27,307552.823692,-0.029405
2020-01-28,316253.276203,0.028289
2020-01-29,322873.042438,0.020932
2020-01-30,322405.268036,-0.001449
2020-01-31,308110.192045,-0.044339
2020-02-03,307264.079511,-0.002746
2020-02-04,317408.032172,0.033014
2020-02-05,319996.259823,0.008154
2020-02-06,323739.211908,0.011697
2020-02-07,319338.701402,-0.013593
2020-02-10,320855.459823,0.004750
2020-02-11,318919.618679,-0.006033
2020-02-12,326493.287707,0.023748
2020-02-13,324168.323098,-0.007121
2020-02-14,324248.140870,0.000246
2020-02-18,318310.972689,-0.018311
2020-02-19,322920.977252,0.014483
2020-02-20,319608.177048,-0.010259
2020-02-21,312373.836043,-0.022635
2020-02-24,297535.992896,-0.047500
2020-02-25,287457.729851,-0.033872
2020-02-26,292017.844365,0.015864
2020-02-27,272929.129324,-0.065368
2020-02-28,272769.588388,-0.000585
2020-03-02,298164.632748,0.093101
2020-03-03,288695.141838,-0.031759
2020-03-04,302086.173550,0.046385
2020-03-05,292287.446156,-0.032437
2020-03-06,288405.735400,-0.013280
2020-03-09,265595.071292,-0.079092
2020-03-10,284723.774059,0.072022
2020-03-11,274835.137354,-0.034731
2020-03-12,247693.815116,-0.098755
2020-03-13,277369.627556,0.119808
2020-03-16,241686.904934,-0.128647
2020-03-17,252313.848147,0.043970
2020-03-18,246137.210881,-0.024480
2020-03-19,244251.307091,-0.007662
2020-03-20,228744.883668,-0.063486
2020-03-23,223885.381553,-0.021244
2020-03-24,246346.783779,0.100325
2020-03-25,244989.692438,-0.005509
2020-03-26,257881.823655,0.052623
2020-03-27,247204.943088,-0.041402
2020-03-30,254259.607382,0.028538
2020-03-31,253740.728792,-0.002041
2020-04-01,240389.605966,-0.052617
2020-04-02,244400.914167,0.016687
2020-04-03,240888.585302,-0.014371
2020-04-06,261903.049947,0.087237
2020-04-07,258869.596178,-0.011582
2020-04-08,265495.322729,0.025595
2020-04-09,267411.138474,0.007216
2020-04-13,272659.811358,0.019628
2020-04-14,286429.938066,0.050503
2020-04-15,283815.630092,-0.009127
2020-04-16,286070.773860,0.007946
2020-04-17,282189.126177,-0.013569
2020-04-20,276331.901911,-0.020756
2020-04-21,267790.422687,-0.030910
2020-04-22,275503.670325,0.028803
2020-04-23,274435.953885,-0.003876
2020-04-24,282358.790188,0.028870
2020-04-27,282558.381923,0.000707
2020-04-28,277978.242010,-0.016210
2020-04-29,287108.531041,0.032845
2020-04-30,293165.410112,0.021096
2020-05-01,288445.628518,-0.016099
2020-05-04,292526.899472,0.014149
2020-05-05,296917.318438,0.015009
2020-05-06,299980.668394,0.010317
2020-05-07,303083.943004,0.010345
2020-05-08,310297.911714,0.023802
2020-05-11,315180.482458,0.015735
2020-05-12,311578.528105,-0.011428
2020-05-13,307816.433631,-0.012074
2020-05-14,309707.651248,0.006144
2020-05-15,307876.604437,-0.005912
2020-05-18,315130.560872,0.023561
2020-05-19,313309.574064,-0.005779
2020-05-20,319402.845751,0.019448
2020-05-21,317021.526200,-0.007456
2020-05-22,319062.634718,0.006438
2020-05-26,316901.468414,-0.006773
2020-05-27,318282.117192,0.004357
2020-05-28,318422.263450,0.000440
2020-05-29,318112.011676,-0.000974
2020-06-01,322024.186267,0.012298
2020-06-02,323514.990509,0.004629
2020-06-03,325295.926518,0.005505
2020-06-04,322494.515090,-0.008612
2020-06-05,331679.424580,0.028481
2020-06-08,333640.463038,0.005912
2020-06-09,344176.156656,0.031578
2020-06-10,353030.978189,0.025728
2020-06-11,336081.732642,-0.048011
2020-06-12,338983.334138,0.008634
2020-06-15,343175.612028,0.012367
2020-06-16,352270.549134,0.026502
2020-06-17,351780.289520,-0.001392
2020-06-18,351920.467314,0.000398
2020-06-19,349909.318055,-0.005715
2020-06-22,359064.236750,0.026164
2020-06-23,366728.256595,0.021344
2020-06-24,360254.849221,-0.017652
2020-06-25,365037.450650,0.013276
2020-06-26,353821.334966,-0.030726
2020-06-29,361975.772105,0.023047
2020-06-30,364997.462924,0.008348
2020-07-01,364307.012390,-0.001892
2020-07-02,364307.012390,0.000000
2020-07-06,374052.349232,0.026750
2020-07-07,372891.759091,-0.003103
2020-07-08,381576.412035,0.023290
2020-07-09,383217.296395,0.004300
2020-07-10,383887.595385,0.001749
2020-07-13,382116.719379,-0.004613
2020-07-14,388440.172780,0.016548
2020-07-15,391111.497953,0.006877
2020-07-16,386299.031874,-0.012305
2020-07-17,385518.514349,-0.002021
2020-07-20,393642.897622,0.021074
2020-07-21,388210.022602,-0.013802
2020-07-22,389300.602686,0.002809
2020-07-23,371580.962689,-0.045517
2020-07-24,370660.519658,-0.002477
2020-07-27,379445.268061,0.023700
2020-07-28,373211.850117,-0.016428
2020-07-29,380365.774165,0.019169
2020-07-30,384968.241609,0.012100
2020-07-31,425270.003876,0.104689
2020-08-03,435985.863014,0.025198
2020-08-04,438897.461442,0.006678
2020-08-05,440488.266535,0.003625
2020-08-06,455856.640848,0.034889
2020-08-07,445492.314189,-0.022736
2020-08-10,451967.424510,0.014535
2020-08-11,438526.092780,-0.029740
2020-08-12,453100.168308,0.033234
2020-08-13,461118.874238,0.017697
2020-08-14,460707.959355,-0.000891
2020-08-17,459505.173964,-0.002611
2020-08-18,463334.156425,0.008333
2020-08-19,463915.429113,0.001255
2020-08-20,474209.524963,0.022190
2020-08-21,498646.692987,0.051532
2020-08-24,504610.729893,0.011960
2020-08-25,500471.022617,-0.008204
2020-08-26,507276.946224,0.013599
2020-08-27,501212.687714,-0.011955
2020-08-28,500400.854880,-0.001620
2020-08-31,517370.409650,0.033912
2020-09-01,537978.658286,0.039833
2020-09-02,526832.489586,-0.020719
2020-09-03,484653.953219,-0.080061
2020-09-04,484974.674966,0.000662
2020-09-08,452338.288595,-0.067295
2020-09-09,470380.510966,0.039887
2020-09-10,455024.593398,-0.032646
2020-09-11,449050.622632,-0.013129
2020-09-14,462522.197445,0.030000
2020-09-15,463243.868680,0.001560
2020-09-16,449571.913731,-0.029514
2020-09-17,442395.094503,-0.015964
2020-09-18,428362.272400,-0.031720
2020-09-21,441352.669985,0.030326
2020-09-22,448288.869063,0.015716
2020-09-23,429484.924659,-0.041946
2020-09-24,433895.179808,0.010269
2020-09-25,450173.337963,0.037516
2020-09-28,460918.462567,0.023869
2020-09-29,457430.290324,-0.007568
2020-09-30,464326.343996,0.015076
2020-10-01,468255.611133,0.008462
2020-10-02,453140.187570,-0.032280
2020-10-05,467092.939612,0.030791
2020-10-06,453701.624076,-0.028669
2020-10-07,461399.576723,0.016967
2020-10-08,460958.513365,-0.000956
2020-10-09,468977.376975,0.017396
2020-10-12,498766.908454,0.063520
2020-10-13,485536.016863,-0.026527
2020-10-14,485896.884016,0.000743
2020-10-15,483972.332782,-0.003961
2020-10-16,477196.463041,-0.014001
2020-10-19,465008.027504,-0.025542
2020-10-20,471142.327607,0.013192
2020-10-21,468576.332880,-0.005446
2020-10-22,464085.818454,-0.009583
2020-10-23,461239.215850,-0.006134
2020-10-26,461279.329720,0.000087
2020-10-27,467493.889100,0.013472
2020-10-28,445843.184411,-0.046312
2020-10-29,462361.805036,0.037050
2020-10-30,436461.142999,-0.056018
2020-11-02,436100.401990,-0.000827
2020-11-03,442796.075526,0.015354
2020-11-04,460878.254088,0.040836
2020-11-05,477236.576912,0.035494
2020-11-06,476694.408940,-0.001136
2020-11-09,467175.784846,-0.019968
2020-11-10,465770.096434,-0.003009
2020-11-11,479907.397509,0.030353
2020-11-12,478782.884622,-0.002343
2020-11-13,478983.800871,0.000420
2020-11-16,483160.657628,0.008720
2020-11-17,479505.754227,-0.007565
2020-11-18,474043.676815,-0.011391
2020-11-19,476493.587300,0.005168
2020-11-20,471272.445398,-0.010957
2020-11-23,457255.549007,-0.029743
2020-11-24,462557.076330,0.011594
2020-11-25,466011.000409,0.007467
2020-11-27,468260.246934,0.004827
2020-11-30,478140.368903,0.021100
2020-12-01,492880.134899,0.030827
2020-12-02,494325.968717,0.002933
2020-12-03,493763.712274,-0.001137
2020-12-04,490992.386249,-0.005613
2020-12-07,497016.877785,0.012270
2020-12-08,499547.142155,0.005091
2020-12-09,489104.763743,-0.020904
2020-12-10,494968.547509,0.011989
2020-12-11,491635.059649,-0.006735
2020-12-14,489104.763743,-0.005147
2020-12-15,513604.183952,0.050090
2020-12-16,513323.039963,-0.000547
2020-12-17,516897.526406,0.006963
2020-12-18,508704.331447,-0.015851
2020-12-21,515009.872364,0.012395
2020-12-22,529669.410619,0.028465
2020-12-23,525974.424885,-0.006976
2020-12-24,530030.813886,0.007712
2020-12-28,548987.708189,0.035766
2020-12-29,541678.090605,-0.013315
2020-12-30,537059.382089,-0.008527
2020-12-31,532922.607666,-0.007703
2021-01-04,519749.048636,-0.024719
2021-01-05,526175.183453,0.012364
2021-01-06,508463.332863,-0.033662
2021-01-07,525813.780187,0.034123
2021-01-08,530352.292498,0.008631
2021-01-11,518022.039292,-0.023249
2021-01-12,517299.232759,-0.001395
2021-01-13,525693.280895,0.016227
2021-01-14,517740.926839,-0.015127
2021-01-15,510632.099359,-0.013730
2021-01-19,513403.330776,0.005427
2021-01-20,530271.749397,0.032856
2021-01-21,549710.640866,0.036658
2021-01-22,558546.540762,0.016074
2021-01-25,574009.365580,0.027684
2021-01-26,574973.233768,0.001679
2021-01-27,570555.409964,-0.007684
2021-01-28,550594.218242,-0.034986
2021-01-29,529990.636943,-0.037421
2021-02-01,538746.246026,0.016520
2021-02-02,542160.276988,0.006337
2021-02-03,537943.022536,-0.007779
2021-02-04,551799.274229,0.025758
2021-02-05,550089.767399,-0.003098
2021-02-08,550692.926114,0.001096
2021-02-09,547073.027743,-0.006573
2021-02-10,544579.219060,-0.004558
2021-02-11,543533.230967,-0.001921
2021-02-12,544498.486742,0.001776
2021-02-16,535730.074018,-0.016104
2021-02-17,526277.770262,-0.017644
2021-02-18,521732.509233,-0.008637
2021-02-19,522376.065643,0.001233
2021-02-22,506809.834079,-0.029799
2021-02-23,506246.600018,-0.001111
2021-02-24,504195.242281,-0.004052
2021-02-25,486658.006864,-0.034783
2021-02-26,487744.108827,0.002232
2021-03-01,514009.643097,0.053851
2021-03-02,503270.163448,-0.020894
2021-03-03,490961.859341,-0.024457
2021-03-04,483198.879335,-0.015812
2021-03-05,488387.602165,0.010738
2021-03-08,468034.795629,-0.041673
2021-03-09,487060.280866,0.040650
2021-03-10,482595.594475,-0.009167
2021-03-11,490559.679947,0.016503
2021-03-12,486818.840779,-0.007626
2021-03-15,498724.933956,0.024457
2021-03-16,505080.112634,0.012743
2021-03-17,501822.122106,-0.006450
2021-03-18,484807.817664,-0.033905
2021-03-19,482635.771418,-0.004480
2021-03-22,496311.573766,0.028336
2021-03-23,492892.623179,-0.006889
2021-03-24,483037.919276,-0.019994
2021-03-25,485049.100071,0.004164
2021-03-26,487542.940290,0.005141
2021-03-29,488267.039801,0.001485
2021-03-30,482273.674358,-0.012275
2021-03-31,491323.893329,0.018766
2021-04-01,494742.906988,0.006959
2021-04-05,506407.528541,0.023577
2021-04-06,507654.464418,0.002462
2021-04-07,514452.220186,0.013391
2021-04-08,524346.943351,0.019234
2021-04-09,534965.829100,0.020252
2021-04-12,527886.708591,-0.013233
2021-04-13,540717.754456,0.024306
2021-04-14,531064.250626,-0.017853
2021-04-15,540999.371486,0.018708
2021-04-16,539631.589421,-0.002528
2021-04-19,542366.901263,0.005069
2021-04-20,535408.343117,-0.012830
2021-04-21,536976.883751,0.002930
2021-04-22,530702.216638,-0.011685
2021-04-23,540275.366583,0.018039
2021-04-26,541884.336448,0.002978
2021-04-27,540556.857469,-0.002450
2021-04-28,537298.930013,-0.006027
2021-04-29,536896.592939,-0.000749
2021-04-30,528771.610480,-0.015133
2021-05-03,533115.608364,0.008215
2021-05-04,514251.020113,-0.035386
2021-05-05,515256.547438,0.001955
2021-05-06,521853.134669,0.012803
2021-05-07,524633.259255,0.005327
2021-05-10,511095.364104,-0.025804
2021-05-11,507308.009245,-0.007410
2021-05-12,494656.561251,-0.024938
2021-05-13,503520.559778,0.017920
2021-05-14,513512.792446,0.019845
2021-05-17,508758.415792,-0.009259
2021-05-18,503037.143489,-0.011246
2021-05-19,502392.483317,-0.001282
2021-05-20,512948.738447,0.021012
2021-05-21,505374.123337,-0.014767
2021-05-24,512102.625913,0.013314
2021-05-25,511296.816466,-0.001574
2021-05-26,511095.364104,-0.000394
2021-05-27,504769.671643,-0.012377
2021-05-28,502070.090158,-0.005348
2021-06-01,500740.466727,-0.002648
2021-06-02,503883.256023,0.006276
2021-06-03,497758.889779,-0.012154
2021-06-04,507227.434608,0.019022
2021-06-07,507267.706158,0.000079
2021-06-08,510652.093222,0.006672
2021-06-09,512223.472101,0.003077
2021-06-10,508113.850228,-0.008023
2021-06-11,513109.824650,0.009832
2021-06-14,525721.127238,0.024578
2021-06-15,522336.614030,-0.006438
2021-06-16,524391.535343,0.003934
2021-06-17,530999.223267,0.012601
2021-06-18,525640.615672,-0.010092
2021-06-21,533054.239188,0.014104
2021-06-22,539823.013315,0.012698
2021-06-23,538694.779173,-0.002090
2021-06-24,537526.557306,-0.002169
2021-06-25,536317.780063,-0.002249
2021-06-28,543046.314175,0.012546
2021-06-29,549291.526607,0.011500
2021-06-30,551829.990353,0.004621
2021-07-01,553078.881466,0.002263
2021-07-02,563917.195132,0.019596
2021-07-06,572217.423485,0.014719
2021-07-07,582491.493936,0.017955
2021-07-08,577132.823269,-0.009200
2021-07-09,584667.292973,0.013055
2021-07-12,582209.372328,-0.004204
2021-07-13,586802.788923,0.007890
2021-07-14,600944.946551,0.024100
2021-07-15,598245.396602,-0.004492
2021-07-16,589824.511278,-0.014076
2021-07-19,573949.825495,-0.026914
2021-07-20,588857.615628,0.025974
2021-07-21,585835.893273,-0.005131
2021-07-22,591476.559403,0.009628
2021-07-23,598567.821296,0.011989
2021-07-26,600300.475595,0.002895
2021-07-27,591355.776287,-0.014900
2021-07-28,584143.542061,-0.012196
2021-07-29,586802.788923,0.004552
2021-07-30,587689.141472,0.001510
2021-08-02,586319.278026,-0.002331
2021-08-03,593732.838469,0.012644
2021-08-04,592081.042633,-0.002782
2021-08-05,592524.124299,0.000748
2021-08-06,589699.502329,-0.004767
2021-08-09,589497.797679,-0.000342
2021-08-10,587520.612758,-0.003354
2021-08-11,588569.565241,0.001785
2021-08-12,600796.285557,0.020774
2021-08-13,601643.533389,0.001410
2021-08-16,609794.533098,0.013548
2021-08-17,606042.057123,-0.006154
2021-08-18,590587.242465,-0.025501
2021-08-19,591959.376507,0.002323
2021-08-20,597971.600515,0.010156
2021-08-23,604105.112216,0.010257
2021-08-24,603741.879858,-0.000601
2021-08-25,598657.636000,-0.008421
2021-08-26,595348.935484,-0.005527
2021-08-27,599625.982309,0.007184
2021-08-30,617864.926633,0.030417
2021-08-31,612659.584298,-0.008425
2021-09-01,615403.537022,0.004479
2021-09-02,620003.702334,0.007475
2021-09-03,622626.619653,0.004230
2021-09-07,632270.599592,0.015489
2021-09-08,625895.017082,-0.010084
2021-09-09,621698.387214,-0.006705
2021-09-10,601118.962539,-0.033102
2021-09-13,603459.442890,0.003894
2021-09-14,597689.100475,-0.009562
2021-09-15,601361.096421,0.006144
2021-09-16,600392.623967,-0.001610
2021-09-17,589376.699202,-0.018348
2021-09-20,576787.061889,-0.021361
2021-09-21,578764.120666,0.003428
2021-09-22,588529.325226,0.016873
2021-09-23,592483.821212,0.006719
2021-09-24,592846.990498,0.000613
2021-09-27,586592.569536,-0.010550
2021-09-28,572630.798181,-0.023801
2021-09-29,576343.160286,0.006483
2021-09-30,570976.290243,-0.009312
2021-10-01,575616.695569,0.008127
2021-10-04,561453.345708,-0.024606
2021-10-05,569402.703839,0.014159
2021-10-06,572993.904395,0.006307
2021-10-07,578199.246730,0.009084
2021-10-08,576625.597254,-0.002722
2021-10-11,576262.301823,-0.000630
2021-10-12,571016.656402,-0.009103
2021-10-13,568595.569877,-0.004240
2021-10-14,580095.762405,0.020226
2021-10-15,584453.856908,0.007513
2021-10-18,591354.010268,0.011806
2021-10-19,600271.714707,0.015080
2021-10-20,602289.139643,0.003361
2021-10-21,603176.942850,0.001474
2021-10-22,599989.214667,-0.005285
2021-10-25,599787.383872,-0.000336
2021-10-26,602531.462740,0.004575
2021-10-27,600634.947065,-0.003148
2021-10-28,615645.670903,0.024991
2021-10-29,604468.155358,-0.018156
2021-11-01,601078.722525,-0.005607
2021-11-02,605355.895493,0.007116
2021-11-03,611287.639472,0.009799
2021-11-04,609149.052988,-0.003498
2021-11-05,611331.222309,0.003582
2021-11-08,607936.743706,-0.005553
2021-11-09,609431.931461,0.002459
2021-11-10,597753.244824,-0.019163
2021-11-11,597551.161741,-0.000338
2021-11-12,606118.311320,0.014337
2021-11-15,606158.614406,0.000066
2021-11-16,610199.582273,0.006667
2021-11-17,620261.982679,0.016490
2021-11-18,637961.660348,0.028536
2021-11-19,648791.900783,0.016976
2021-11-22,650691.128559,0.002927
2021-11-23,652267.111704,0.002422
2021-11-24,654408.977938,0.003284
2021-11-26,633678.306312,-0.031678
2021-11-29,647539.036126,0.021873
2021-11-30,667986.955423,0.031578
2021-12-01,665845.026117,-0.003207
2021-12-02,661763.629019,-0.006130
2021-12-03,654004.811772,-0.011724
2021-12-06,668067.813886,0.021503
2021-12-07,691748.305646,0.035446
2021-12-08,707508.389381,0.022783
2021-12-09,705407.015449,-0.002970
2021-12-10,725167.763964,0.028013
2021-12-13,710175.457186,-0.020674
2021-12-14,704477.647713,-0.008023
2021-12-15,724561.767003,0.028509
2021-12-16,696112.518145,-0.039264
2021-12-17,691586.525650,-0.006502
2021-12-20,685969.448494,-0.008122
2021-12-21,699062.464423,0.019087
2021-12-22,709771.354092,0.015319
2021-12-23,712357.626508,0.003644
2021-12-27,728723.896419,0.022975
2021-12-28,724521.211628,-0.005767
2021-12-29,724884.948563,0.000502
2021-12-30,720116.506826,-0.006578
2021-12-31,717570.537497,-0.003535
2022-01-03,735512.853626,0.025004
2022-01-04,726178.053235,-0.012692
2022-01-05,706861.900117,-0.026600
2022-01-06,695061.988860,-0.016693
2022-01-07,695748.907354,0.000988
2022-01-10,695829.702744,0.000116
2022-01-11,707508.389381,0.016784
2022-01-12,709326.947912,0.002570
2022-01-13,695829.702744,-0.019028
2022-01-14,699385.835199,0.005111
2022-01-18,686171.531577,-0.018894
2022-01-19,671744.981745,-0.021025
2022-01-20,664794.370687,-0.010347
2022-01-21,656308.016498,-0.012765
2022-01-24,653115.684050,-0.004864
2022-01-25,645680.300652,-0.011384
2022-01-26,645316.437573,-0.000564
2022-01-27,643417.209796,-0.002943
2022-01-28,688313.397812,0.069778
2022-01-31,706296.017027,0.026126
2022-02-01,705609.224676,-0.000972
2022-02-02,710579.560280,0.007044
2022-02-03,698698.790560,-0.016720
2022-02-04,697525.712139,-0.001679
2022-02-07,694571.666173,-0.004235
2022-02-08,707398.202381,0.018467
2022-02-09,713265.360506,0.008294
2022-02-10,696433.113748,-0.023599
2022-02-11,682352.262224,-0.020219
2022-02-14,683323.194490,0.001423
2022-02-15,699143.890535,0.023153
2022-02-16,698172.895197,-0.001389
2022-02-17,683323.194490,-0.021269
2022-02-18,676930.267145,-0.009356
2022-02-22,664872.643192,-0.017812
2022-02-23,647676.217994,-0.025864
2022-02-24,658479.463559,0.016680
2022-02-25,667017.095384,0.012966
2022-02-28,668109.567631,0.001638
2022-03-01,660340.848061,-0.011628
2022-03-02,673935.981164,0.020588
2022-03-03,672600.744314,-0.001981
2022-03-04,660219.434224,-0.018408
2022-03-07,644560.644320,-0.023718
2022-03-08,637034.752425,-0.011676
2022-03-09,659329.234276,0.034997
2022-03-10,641404.515270,-0.027186
2022-03-11,626069.411502,-0.023909
2022-03-14,609439.563188,-0.026562
2022-03-15,627526.125262,0.029677
2022-03-16,645734.038101,0.029015
2022-03-17,649901.654792,0.006454
2022-03-18,663496.787894,0.020919
2022-03-21,669161.484503,0.008538
2022-03-22,683080.682175,0.020801
2022-03-23,688704.697265,0.008233
2022-03-24,704323.121010,0.022678
2022-03-25,706953.165479,0.003734
2022-03-28,710513.902200,0.005037
2022-03-29,724109.098375,0.019134
2022-03-30,719294.046338,-0.006650
2022-03-31,706508.065505,-0.017776
2022-04-01,705294.242493,-0.001718
2022-04-04,722005.012342,0.023693
2022-04-05,708328.894633,-0.018942
2022-04-06,695259.530750,-0.018451
2022-04-07,696513.909138,0.001804
2022-04-08,688219.168060,-0.011909
2022-04-11,670658.753638,-0.025516
2022-04-12,678386.980905,0.011523
2022-04-13,689473.546448,0.016343
2022-04-14,668797.369136,-0.029988
2022-04-18,667907.169188,-0.001331
2022-04-19,677334.874816,0.014115
2022-04-20,676647.199456,-0.001015
2022-04-21,673369.656569,-0.004844
2022-04-22,654635.722222,-0.027821
2022-04-25,659046.166587,0.006737
2022-04-26,634445.200259,-0.037328
2022-04-27,633514.508007,-0.001467
2022-04-28,662121.121813,0.045155
2022-04-29,637884.396997,-0.036605
2022-05-02,639138.712313,0.001966
2022-05-03,645289.001199,0.009623
2022-05-04,671751.099741,0.041008
2022-05-05,634323.723349,-0.055716
2022-05-06,637322.235163,0.004727
2022-05-09,616169.989464,-0.033189
2022-05-10,626097.793958,0.016112
2022-05-11,593640.185520,-0.051841
2022-05-12,577674.486664,-0.026895
2022-05-13,596111.918960,0.031917
2022-05-16,589749.960028,-0.010672
2022-05-17,604742.960599,0.025423
2022-05-18,570623.969362,-0.056419
2022-05-19,556563.174773,-0.024641
2022-05-20,557535.494626,0.001747
2022-05-23,579903.455501,0.040119
2022-05-24,568760.061975,-0.019216
2022-05-25,569408.317258,0.001140
2022-05-26,582618.458120,0.023200
2022-05-27,606363.851096,0.040756
2022-05-31,603122.259319,-0.005346
2022-06-01,602595.480945,-0.000873
2022-06-02,612725.936172,0.016811
2022-06-03,589101.830889,-0.038556
2022-06-06,592181.327309,0.005227
2022-06-07,602595.480945,0.017586
2022-06-08,599556.413757,-0.005043
2022-06-09,577998.740450,-0.035956
2022-06-10,555671.713383,-0.038628
2022-06-13,534397.801558,-0.038285
2022-06-14,537963.520976,0.006672
2022-06-15,548782.723789,0.020111
2022-06-16,527022.904326,-0.039651
2022-06-17,533101.164848,0.011533
2022-06-21,550565.772714,0.032760
2022-06-22,548458.785363,-0.003827
2022-06-23,560290.863404,0.021573
2022-06-24,574027.719567,0.024517
2022-06-27,574027.719567,0.000000
2022-06-28,556927.605502,-0.029790
2022-06-29,564180.962752,0.013024
2022-06-30,554010.141367,-0.018028
2022-07-01,562965.373720,0.016164
2022-07-05,573622.607320,0.018931
2022-07-06,579133.344876,0.009607
2022-07-07,593032.296396,0.024000
2022-07-08,595828.283621,0.004715
2022-07-11,587035.020481,-0.014758
2022-07-12,591046.785955,0.006834
2022-07-13,589547.561584,-0.002537
2022-07-14,601622.971876,0.020483
2022-07-15,608511.456894,0.011450
2022-07-18,595950.012819,-0.020643
2022-07-19,611874.967084,0.026722
2022-07-20,620141.199562,0.013510
2022-07-21,629501.670308,0.015094
2022-07-22,624396.044999,-0.008111
2022-07-25,619776.516546,-0.007398
2022-07-26,614306.145149,-0.008826
2022-07-27,635336.724721,0.034235
2022-07-28,637606.059717,0.003572
2022-07-29,658514.973164,0.032793
2022-08-01,654462.967676,-0.006153
2022-08-02,648384.770227,-0.009287
2022-08-03,673183.783022,0.038247
2022-08-04,671887.083239,-0.001926
2022-08-05,670953.931175,-0.001389
2022-08-08,669006.011719,-0.002903
2022-08-09,669209.103956,0.000304
2022-08-10,686738.739182,0.026195
2022-08-11,683695.383089,-0.004432
2022-08-12,698343.883723,0.021425
2022-08-15,702766.816368,0.006333
2022-08-16,702117.804220,-0.000924
2022-08-17,708285.437940,0.008784
2022-08-18,706662.402991,-0.002291
2022-08-19,695990.284370,-0.015102
2022-08-22,679962.207184,-0.023029
2022-08-23,678582.441415,-0.002029
2022-08-24,679799.859538,0.001794
2022-08-25,689944.379848,0.014923
2022-08-26,663934.003853,-0.037699
2022-08-29,654844.490950,-0.013690
2022-08-30,644821.825982,-0.015305
2022-08-31,637964.183233,-0.010635
2022-09-01,640966.857807,0.004707
2022-09-02,632242.721713,-0.013611
2022-09-06,627048.669289,-0.008215
2022-09-07,632851.430775,0.009254
2022-09-08,626764.655517,-0.009618
2022-09-09,638572.766151,0.018840
2022-09-12,663162.884074,0.038508
2022-09-13,624248.771592,-0.058680
2022-09-14,630213.817652,0.009556
2022-09-15,618283.851676,-0.018930
2022-09-16,611507.319678,-0.010960
2022-09-19,626845.892412,0.025083
2022-09-20,636665.654359,0.015665
2022-09-21,623761.917872,-0.020268
2022-09-22,619785.283571,-0.006375
2022-09-23,610411.819968,-0.015124
2022-09-26,611791.459593,0.002260
2022-09-27,615808.649269,0.006566
2022-09-28,608017.665240,-0.012652
2022-09-29,578152.384142,-0.049119
2022-09-30,560785.159634,-0.030039
2022-10-03,578030.781088,0.030753
2022-10-04,592841.692440,0.025623
2022-10-05,594058.858275,0.002053
2022-10-06,590122.779349,-0.006626
2022-10-07,568454.351393,-0.036719
2022-10-10,569793.498715,0.002356
2022-10-11,563950.244925,-0.010255
2022-10-12,561353.187176,-0.004605
2022-10-13,580221.906651,0.033613
2022-10-14,561515.534822,-0.032240
2022-10-17,577868.496515,0.029123
2022-10-18,583305.818120,0.009409
2022-10-19,583752.179536,0.000765
2022-10-20,581845.193888,-0.003267
2022-10-21,597589.383448,0.027059
2022-10-24,606435.248739,0.014803
2022-10-25,618162.248622,0.019338
2022-10-26,606029.442698,-0.019627
2022-10-27,587566.592336,-0.030465
2022-10-28,631958.644870,0.075552
2022-10-31,622219.867530,-0.015410
2022-11-01,611304.479729,-0.017543
2022-11-02,588499.681328,-0.037305
2022-11-03,563544.438884,-0.042405
2022-11-04,562447.047010,-0.001947
2022-11-07,564641.893829,0.003902
2022-11-08,566999.277509,0.004175
2022-11-09,548180.574228,-0.033190
2022-11-10,596954.814816,0.088975
2022-11-11,608457.277940,0.019269
2022-11-14,602685.674082,-0.009486
2022-11-15,609839.251233,0.011869
2022-11-16,604758.602486,-0.008331
2022-11-17,612603.134748,0.012971
2022-11-18,614919.963052,0.003782
2022-11-21,601588.219137,-0.021680
2022-11-22,610408.161785,0.014661
2022-11-23,614025.726488,0.005926
2022-11-25,601994.718971,-0.019594
2022-11-28,586183.799105,-0.026264
2022-11-29,573787.099417,-0.021148
2022-11-30,601669.519103,0.048594
2022-12-01,602807.529424,0.001891
2022-12-02,600775.345612,-0.003371
2022-12-05,595979.404429,-0.007983
2022-12-06,580859.313529,-0.025370
2022-12-07,572852.244406,-0.013785
2022-12-08,579802.477031,0.012133
2022-12-09,577810.911667,-0.003435
2022-12-12,587281.254050,0.016390
2022-12-13,591264.510925,0.006783
2022-12-14,582078.623817,-0.015536
2022-12-15,554805.733130,-0.046854
2022-12-16,546717.427111,-0.014579
2022-12-19,538019.276733,-0.015910
2022-12-20,537734.758385,-0.000529
2022-12-21,550538.020980,0.023810
2022-12-22,537450.366181,-0.023772
2022-12-23,535946.348329,-0.002798
2022-12-27,528508.315902,-0.013878
2022-12-28,512291.022346,-0.030685
2022-12-29,526801.237349,0.028324
2022-12-30,528101.942211,0.002469
2023-01-03,508348.383919,-0.037405
2023-01-04,513591.632600,0.010314
2023-01-05,508145.102465,-0.010605
2023-01-06,526841.824260,0.036794
2023-01-09,528996.084167,0.004089
2023-01-10,531353.436311,0.004456
2023-01-11,542571.696448,0.021113
2023-01-12,542246.370436,-0.000600
2023-01-13,547733.645162,0.010120
2023-01-17,552529.586345,0.008756
2023-01-18,549562.547521,-0.005370
2023-01-19,549806.384350,0.000444
2023-01-20,560374.181679,0.019221
2023-01-23,573543.073372,0.023500
2023-01-24,579314.803374,0.010063
2023-01-25,576591.412163,-0.004701
2023-01-26,585127.025679,0.014804
2023-01-27,593134.157875,0.013684
2023-01-30,581225.131844,-0.020078
2023-01-31,586468.317453,0.009021
2023-02-01,591101.784846,0.007901
2023-02-02,613009.445366,0.037062
2023-02-03,627966.999404,0.024400
2023-02-06,616708.120820,-0.017929
2023-02-07,628576.717619,0.019245
2023-02-08,617480.565114,-0.017653
2023-02-09,613212.789891,-0.006912
2023-02-10,614718.952195,0.002456
2023-02-13,626279.820106,0.018807
2023-02-14,623633.818389,-0.004225
2023-02-15,632304.469322,0.013903
2023-02-16,625709.900400,-0.010429
2023-02-17,620987.942818,-0.007547
2023-02-21,604420.031328,-0.026680
2023-02-22,606170.471966,0.002896
2023-02-23,608165.127865,0.003291
2023-02-24,597214.861180,-0.018005
2023-02-27,602140.478648,0.008248
2023-02-28,600064.459710,-0.003448
2023-03-01,591515.916408,-0.014246
2023-03-02,593958.321310,0.004129
2023-03-03,614800.378307,0.035090
2023-03-06,626198.457067,0.018539
2023-03-07,617120.675578,-0.014497
2023-03-08,622290.508308,0.008377
2023-03-09,613009.256149,-0.014915
2023-03-10,604501.394367,-0.013879
2023-03-13,612520.762555,0.013266
2023-03-14,621150.795040,0.014089
2023-03-15,622778.938830,0.002621
2023-03-16,634421.169780,0.018694
2023-03-17,630961.222313,-0.005454
2023-03-20,640730.778849,0.015484
2023-03-21,648383.824145,0.011944
2023-03-22,642481.156415,-0.009104
2023-03-23,646959.024880,0.006970
2023-03-24,652332.454423,0.008306
2023-03-27,644313.023164,-0.012293
2023-03-28,641748.510631,-0.003980
2023-03-29,654449.154881,0.019791
2023-03-30,660921.616173,0.009890
2023-03-31,671261.218560,0.015644
2023-04-03,676431.177434,0.007702
2023-04-04,674232.861648,-0.003250
2023-04-05,666620.560945,-0.011290
2023-04-06,670284.168298,0.005496
2023-04-10,659578.243019,-0.015972
2023-04-11,654571.325584,-0.007591
2023-04-12,651721.790126,-0.004353
2023-04-13,673947.838723,0.034104
2023-04-14,672523.228675,-0.002114
2023-04-17,672604.465569,0.000121
2023-04-18,677652.253740,0.007505
2023-04-19,682374.274395,0.006968
2023-04-20,678385.025669,-0.005846
2023-04-21,671749.712155,-0.009781
2023-04-24,673011.659197,0.001879
2023-04-25,666661.431680,-0.009436
2023-04-26,666620.560945,-0.000061
2023-04-27,685549.451225,0.028395
2023-04-28,690719.220883,0.007541
2023-05-01,690352.897991,-0.000530
2023-05-02,686078.500195,-0.006192
2023-05-03,681641.565538,-0.006467
2023-05-04,674884.081321,-0.009914
2023-05-05,706554.297372,0.046927
2023-05-08,706269.274447,-0.000403
2023-05-09,699227.019593,-0.009971
2023-05-10,706513.615852,0.010421
2023-05-11,707287.069300,0.001095
2023-05-12,703455.311666,-0.005418
2023-05-15,701417.325218,-0.002897
2023-05-16,701417.325218,0.000000
2023-05-17,703944.435982,0.003603
2023-05-18,713564.700803,0.013666
2023-05-19,714013.080528,0.000628
2023-05-22,710099.833710,-0.005481
2023-05-23,699338.152674,-0.015155
2023-05-24,700479.505817,0.001632
2023-05-25,705167.467525,0.006693
2023-05-26,715113.562935,0.014105
2023-05-30,722736.459755,0.010660
2023-05-31,722532.610653,-0.000282
2023-06-01,734109.309666,0.016022
2023-06-02,737615.047495,0.004775
2023-06-05,732030.578627,-0.007571
2023-06-06,730522.208798,-0.002061
2023-06-07,724856.061531,-0.007756
2023-06-08,736066.122291,0.015465
2023-06-09,737655.981303,0.002160
2023-06-12,749191.935724,0.015639
2023-06-13,747235.186172,-0.002612
2023-06-14,749844.101479,0.003491
2023-06-15,758241.334758,0.011199
2023-06-16,753798.282105,-0.005860
2023-06-20,754164.983429,0.000486
2023-06-21,749884.846071,-0.005675
2023-06-22,762276.878422,0.016525
2023-06-23,760972.609984,-0.001711
2023-06-26,755224.973533,-0.007553
2023-06-27,766597.760372,0.015059
2023-06-28,771448.700446,0.006328
2023-06-29,772834.710355,0.001797
2023-06-30,790689.230088,0.023103
2023-07-03,784533.958504,-0.007785
2023-07-05,779927.612124,-0.005871
2023-07-06,781884.109389,0.002509
2023-07-07,777277.889153,-0.005891
2023-07-10,768839.911283,-0.010856
2023-07-11,766679.438772,-0.002810
2023-07-12,773568.428366,0.008985
2023-07-13,776707.212581,0.004058
2023-07-14,777318.886033,0.000788
2023-07-17,790770.593127,0.017305
2023-07-18,789710.855312,-0.001340
2023-07-19,795295.387252,0.007072
2023-07-20,787264.792226,-0.010098
2023-07-21,782414.104440,-0.006161
2023-07-24,785715.930095,0.004220
2023-07-25,789262.349443,0.004514
2023-07-26,792849.513383,0.004545
2023-07-27,787631.871984,-0.006581
2023-07-28,798271.066956,0.013508
2023-07-31,800798.366937,0.003166
2023-08-01,797374.370580,-0.004276
2023-08-02,785022.956676,-0.015490
2023-08-03,779275.383297,-0.007322
2023-08-04,741854.440262,-0.048020
2023-08-07,729054.772778,-0.017254
2023-08-08,732927.275004,0.005312
2023-08-09,726364.431359,-0.008954
2023-08-10,725467.545766,-0.001235
2023-08-11,725712.517893,0.000338
2023-08-14,732529.226834,0.009393
2023-08-15,724324.741964,-0.011200
2023-08-16,720732.595326,-0.004959
2023-08-17,710242.313637,-0.014555
2023-08-18,712242.456811,0.002816
2023-08-21,717752.879006,0.007737
2023-08-22,723426.658001,0.007905
2023-08-23,739305.001966,0.021949
2023-08-24,719957.060498,-0.026170
2023-08-25,729059.503187,0.012643
2023-08-28,735508.880082,0.008846
2023-08-29,751550.517775,0.021810
2023-08-30,765959.533556,0.019172
2023-08-31,766857.491376,0.001172
2023-09-01,773347.675934,0.008463
2023-09-05,774327.312153,0.001267
2023-09-06,746611.592089,-0.035793
2023-09-07,724773.563193,-0.029250
2023-09-08,727304.332140,0.003492
2023-09-11,732121.024052,0.006623
2023-09-12,719630.599188,-0.017061
2023-09-13,711099.463792,-0.011855
2023-09-14,717344.739296,0.008783
2023-09-15,714364.896831,-0.004154
2023-09-18,726447.181985,0.016913
2023-09-19,730937.349514,0.006181
2023-09-20,716324.295413,-0.019992
2023-09-21,709956.596918,-0.008889
2023-09-22,713466.875940,0.004944
2023-09-25,718732.578297,0.007380
2023-09-26,701915.342704,-0.023398
2023-09-27,695669.941056,-0.008898
2023-09-28,696731.318747,0.001526
2023-09-29,698853.884912,0.003046
2023-10-02,709221.806682,0.014836
2023-10-03,703711.195270,-0.007770
2023-10-04,708854.474636,0.007309
2023-10-05,713956.820194,0.007198
2023-10-06,724487.972619,0.014750
2023-10-09,730610.762059,0.008451
2023-10-10,728161.482296,-0.003352
2023-10-11,733917.065834,0.007904
2023-10-12,737631.446247,0.005061
2023-10-13,730039.328622,-0.010293
2023-10-16,729508.702849,-0.000727
2023-10-17,723100.196690,-0.008785
2023-10-18,717752.879006,-0.007395
2023-10-19,716201.746278,-0.002161
2023-10-20,705670.656925,-0.014704
2023-10-23,706160.411962,0.000694
2023-10-24,707956.390673,0.002543
2023-10-25,698404.874466,-0.013492
2023-10-26,681220.243755,-0.024606
2023-10-27,686649.113695,0.007969
2023-10-30,695098.507619,0.012305
2023-10-31,697057.843129,0.002819
2023-11-01,710119.827573,0.018739
2023-11-02,724814.560074,0.020693
2023-11-03,721059.245853,-0.005181
2023-11-06,731590.398278,0.014605
2023-11-07,742162.421440,0.014451
2023-11-08,746529.913689,0.005885
2023-11-09,744570.578179,-0.002625
2023-11-10,761859.593254,0.023220
2023-11-13,755320.086295,-0.008584
2023-11-14,766110.275931,0.014286
2023-11-15,768440.034021,0.003041
2023-11-16,775388.437555,0.009042
2023-11-17,775306.633011,-0.000106
2023-11-20,782500.071745,0.009278
2023-11-21,779189.542137,-0.004231
2023-11-22,781927.944514,0.003514
2023-11-24,776451.013616,-0.007004
2023-11-27,775715.403442,-0.000947
2023-11-28,778208.392188,0.003214
2023-11-29,773998.706391,-0.005409
2023-11-30,776369.272145,0.003063
2023-12-01,781641.849363,0.006791
2023-12-04,774243.804662,-0.009465
2023-12-05,790551.985148,0.021063
2023-12-06,786056.078056,-0.005687
2023-12-07,794026.060771,0.010139
2023-12-08,799911.699027,0.007412
2023-12-11,789571.024414,-0.012927
2023-12-12,795824.499294,0.007920
2023-12-13,809108.056108,0.016692
2023-12-14,809721.054074,0.000758
2023-12-15,807514.034336,-0.002726
2023-12-18,800647.372273,-0.008503
2023-12-19,804939.051830,0.005360
2023-12-20,796314.948125,-0.010714
2023-12-21,795701.760942,-0.000770
2023-12-22,791287.721466,-0.005547
2023-12-26,789039.641776,-0.002841
2023-12-27,789448.412207,0.000518
2023-12-28,791205.979994,0.002226
2023-12-29,786914.363509,-0.005424
2024-01-02,758753.417326,-0.035787
2024-01-03,753072.132749,-0.007488
2024-01-04,743508.002118,-0.012700
2024-01-05,740524.249182,-0.004013
2024-01-08,758426.325295,0.024175
2024-01-09,756709.754388,-0.002263
2024-01-10,761001.370873,0.005671
2024-01-11,758548.937503,-0.003223
2024-01-12,759897.734859,0.001778
2024-01-16,750538.020980,-0.012317
2024-01-17,746655.237998,-0.005173
2024-01-18,770974.208863,0.032571
2024-01-19,782949.649839,0.015533
2024-01-22,792472.972807,0.012163
2024-01-23,797745.486953,0.006653
2024-01-24,794966.150768,-0.003484
2024-01-25,793617.479556,-0.001697
2024-01-26,786464.722342,-0.009013
2024-01-29,783644.452349,-0.003586
2024-01-30,768562.709301,-0.019246
2024-01-31,753685.004571,-0.019358
2024-02-01,763739.836322,0.013341
2024-02-02,759611.639708,-0.005405
2024-02-05,767091.236665,0.009847
2024-02-06,773712.737384,0.008632
2024-02-07,774162.252406,0.000581
2024-02-08,769707.152978,-0.005755
2024-02-09,772858.236257,0.004094
2024-02-12,765901.002626,-0.009002
2024-02-13,757265.987443,-0.011274
2024-02-14,753623.761539,-0.004810
2024-02-15,752436.933396,-0.001575
2024-02-16,746093.706884,-0.008430
2024-02-20,743024.238932,-0.004114
2024-02-21,746134.640692,0.004186
2024-02-22,754523.989955,0.011244
2024-02-23,746953.127636,-0.010034
2024-02-26,741387.517333,-0.007451
2024-02-27,747403.336452,0.008114
2024-02-28,742451.417909,-0.006625
2024-02-29,739709.546565,-0.003693
2024-03-01,735248.707573,-0.006031
2024-03-04,716587.116951,-0.025381
2024-03-05,696206.747897,-0.028441
2024-03-06,692114.376250,-0.005878
2024-03-07,691623.296698,-0.000710
2024-03-08,698703.142537,0.010237
2024-03-11,706969.879592,0.011832
2024-03-12,708934.323944,0.002779
2024-03-13,700340.116425,-0.012123
2024-03-14,707992.972504,0.010927
2024-03-15,706437.866232,-0.002196
2024-03-18,710939.639032,0.006372
2024-03-19,720597.684055,0.013585
2024-03-20,731197.143590,0.014709
2024-03-21,701322.401673,-0.040857
2024-03-22,705046.495192,0.005310
2024-03-25,699194.285161,-0.008300
2024-03-26,694528.840201,-0.006673
2024-03-27,709261.731336,0.021213
2024-03-28,701772.547417,-0.010559
2024-04-01,695838.406697,-0.008456
2024-04-02,690968.418842,-0.006999
2024-04-03,694283.237353,0.004797
2024-04-04,690886.740442,-0.004892
2024-04-05,693996.826841,0.004502
2024-04-08,689372.315690,-0.006664
2024-04-09,694365.231114,0.007243
2024-04-10,686630.444346,-0.011139
2024-04-11,716341.577175,0.043271
2024-04-12,722521.257671,0.008627
2024-04-15,706724.339816,-0.021864
2024-04-16,693178.276825,-0.019167
2024-04-17,687530.735834,-0.008147
2024-04-18,683602.036347,-0.005714
2024-04-19,675253.368603,-0.012213
2024-04-22,678690.988539,0.005091
2024-04-23,683029.089179,0.006392
2024-04-24,691705.038170,0.012702
2024-04-25,695265.585674,0.005147
2024-04-26,692850.869433,-0.003473
2024-04-29,710039.284472,0.024808
2024-04-30,697066.168649,-0.018271
2024-05-01,692850.869433,-0.006047
2024-05-02,708115.773928,0.022032
2024-05-03,750472.615188,0.059816
2024-05-06,743638.182980,-0.009107
2024-05-07,746461.985012,0.003797
2024-05-08,747853.419124,0.001864
2024-05-09,755342.729188,0.010014
2024-05-10,750138.143718,-0.006890
2024-05-13,763374.648728,0.017645
2024-05-14,768087.334708,0.006173
2024-05-15,777471.835932,0.012218
2024-05-16,777963.546205,0.000632
2024-05-17,778086.410701,0.000158
2024-05-20,782881.027369,0.006162
2024-05-21,788249.537287,0.006857
2024-05-22,782307.386408,-0.007538
2024-05-23,765833.452382,-0.021058
2024-05-24,778537.313310,0.016588
2024-05-28,778578.310191,0.000053
2024-05-29,779807.585873,0.001579
2024-05-30,783905.634012,0.005255
2024-05-31,787839.694630,0.005019
2024-06-03,795134.174905,0.009259
2024-06-04,796445.570492,0.001649
2024-06-05,802674.573388,0.007821
2024-06-06,796978.214573,-0.007097
2024-06-07,806854.362998,0.012392
2024-06-10,791404.972543,-0.019148
2024-06-11,848899.880258,0.072649
2024-06-12,873160.067903,0.028578
2024-06-13,877954.621499,0.005491
2024-06-14,870783.131865,-0.008168
2024-06-17,887912.826757,0.019672
2024-06-18,878159.542828,-0.010985
2024-06-20,859267.738956,-0.021513
2024-06-21,850293.206533,-0.010444
2024-06-24,852956.805372,0.003133
2024-06-25,856768.064566,0.004468
2024-06-26,873897.570241,0.019993
2024-06-27,877380.917466,0.003986
2024-06-28,863119.868886,-0.016254
2024-07-01,888240.675654,0.029105
2024-07-02,902665.585610,0.016240
2024-07-03,907911.041816,0.005811
2024-07-05,927540.348026,0.021620
2024-07-08,933605.552617,0.006539
2024-07-09,937129.644434,0.003775
2024-07-10,954751.112671,0.018804
2024-07-11,932581.072119,-0.023221
2024-07-12,944751.910533,0.013051
2024-07-15,960570.209838,0.016743
2024-07-16,962291.448082,0.001792
2024-07-17,937949.392820,-0.025296
2024-07-18,918688.680099,-0.020535
2024-07-19,919221.513397,0.000580
2024-07-22,917787.190241,-0.001560
2024-07-23,922090.159708,0.004688
2024-07-24,895576.089736,-0.028754
2024-07-25,891273.183342,-0.004805
2024-07-26,893199.216770,0.002161
2024-07-29,894346.624837,0.001285
2024-07-30,896641.504043,0.002566
2024-07-31,910082.930381,0.014991
2024-08-01,894838.461255,-0.016751
2024-08-02,900985.407318,0.006869
2024-08-05,857587.686808,-0.048167
2024-08-06,849227.666082,-0.009748
2024-08-07,859841.569134,0.012498
2024-08-08,874143.551522,0.016633
2024-08-09,886150.654704,0.013736
2024-08-12,892468.778511,0.007130
2024-08-13,907813.216953,0.017193
2024-08-14,909659.401073,0.002034
2024-08-15,921967.610573,0.013531
2024-08-16,927424.232247,0.005918
2024-08-19,926767.840660,-0.000708
2024-08-20,929311.539392,0.002745
2024-08-21,928860.195278,-0.000486
2024-08-22,921188.039129,-0.008260
2024-08-23,930665.382518,0.010288
2024-08-26,932060.348669,0.001499
2024-08-27,935547.669438,0.003742
2024-08-28,929229.482559,-0.006753
2024-08-29,942768.481472,0.014570
2024-08-30,939527.331201,-0.003438
2024-09-03,913967.227094,-0.027205
2024-09-04,906090.086544,-0.008619
2024-09-05,912367.276543,0.006928
2024-09-06,905966.906688,-0.007015
2024-09-09,906336.193969,0.000408
2024-09-10,903053.920674,-0.003621
2024-09-11,913515.946052,0.011585
2024-09-12,913967.227094,0.000494
2024-09-13,912859.491393,-0.001212
2024-09-16,887504.623975,-0.027775
2024-09-17,889432.801856,0.002173
2024-09-18,905433.631885,0.017990
2024-09-19,938993.993326,0.037066
2024-09-20,936245.120977,-0.002927
2024-09-23,929147.362655,-0.007581
2024-09-24,932839.793969,0.003974
2024-09-25,928737.078493,-0.004398
2024-09-26,933455.251748,0.005080
2024-09-27,934562.987449,0.001187
2024-09-30,955938.256176,0.022872
2024-10-01,928080.749978,-0.029142
2024-10-02,930419.212021,0.002520
2024-10-03,925865.152431,-0.004895
2024-10-04,930501.268853,0.005007
2024-10-07,909536.284289,-0.022531
2024-10-08,926275.436593,0.018404
2024-10-09,941742.802603,0.016698
2024-10-10,939691.318721,-0.002178
2024-10-11,933578.305460,-0.006505
2024-10-14,948963.677710,0.016480
2024-10-15,959425.576944,0.011025
2024-10-16,950932.915544,-0.008852
2024-10-17,952450.872335,0.001596
2024-10-18,964143.624055,0.012276
2024-10-21,970215.766580,0.006298
2024-10-22,967672.130920,-0.002622
2024-10-23,946748.080163,-0.021623
2024-10-24,945968.634864,-0.000823
2024-10-25,949414.958752,0.003643
2024-10-28,957579.266679,0.008599
2024-10-29,958687.128525,0.001157
2024-10-30,944040.330839,-0.015278
2024-10-31,926849.897492,-0.018209
2024-11-01,914541.624921,-0.013280
2024-11-04,910849.067463,-0.004038
2024-11-05,916757.159396,0.006486
2024-11-06,913762.053477,-0.003267
2024-11-07,933291.201155,0.021372
2024-11-08,932182.140939,-0.001188
2024-11-11,920969.368077,-0.012029
2024-11-12,920969.368077,0.000000
2024-11-13,924624.776055,0.003969
2024-11-14,937357.271727,0.013770
2024-11-15,924131.930483,-0.014109
2024-11-18,936535.883465,0.013422
2024-11-19,937603.757585,0.001140
2024-11-20,940561.020229,0.003154
2024-11-21,938589.574872,-0.002096
2024-11-22,944134.308302,0.005908
2024-11-25,956456.015236,0.013051
2024-11-26,965450.983026,0.009404
2024-11-27,964916.888286,-0.000553
2024-11-29,974774.367363,0.010216
2024-12-02,984056.754819,0.009523
2024-12-03,996624.947611,0.012772
2024-12-04,998103.547397,0.001484
2024-12-05,998226.790326,0.000123
2024-12-06,997405.338992,-0.000823
2024-12-09,1013464.826096,0.016101
2024-12-10,1017654.076525,0.004134
2024-12-11,1012396.762760,-0.005166
2024-12-12,1018434.467906,0.005964
2024-12-13,1019132.802455,0.000686
2024-12-16,1031084.906746,0.011728
2024-12-17,1041106.499488,0.009719
2024-12-18,1018804.196693,-0.021422
2024-12-19,1025950.772838,0.007015
2024-12-20,1045254.942253,0.018816
2024-12-23,1048458.501539,0.003065
2024-12-24,1060492.914951,0.011478
2024-12-26,1063860.587902,0.003176
2024-12-27,1049772.861516,-0.013242
2024-12-30,1035849.185723,-0.013264
2024-12-31,1028538.369769,-0.007058
